SKU,Product,Old price,New price,Change %,Action,Special price: was,Special price ends,Note
MY000077,Compatible Brother TN-241Y Yellow Toner Cartridge (TN241Y),15.95,15.95,0.0,NO CHANGE,,,
MY000073,Compatible Brother TN-2410 Black Toner Cartridge (TN2410),16.95,16.95,0.0,NO CHANGE,,,
MY000706,Compatible HP 937 Black Ink Cartridge (4S6W5NE),69.95,69.95,0.0,NO CHANGE,,,
MY000709,Compatible HP 937 Yellow Ink Cartridge (4S6W4NE),67.95,67.95,0.0,NO CHANGE,,,
MY000998,Compatible Xerox 6R01513 Black Toner Cartridge (006R01513),31.95,31.95,0.0,NO CHANGE,,,
MY000999,Compatible Xerox 6R01514 Yellow Toner Cartridge (006R01514),31.95,31.95,0.0,NO CHANGE,,,
MY000928,Compatible Xerox 006R04364 High Capacity Black Toner Cartridge,41.95,41.95,0.0,NO CHANGE,,,
MY000931,Compatible Xerox 006R04367 High Capacity Yellow Toner Cartridge,37.95,37.95,0.0,NO CHANGE,,,
MY000933,Compatible Xerox 006R04391 High Capacity Black Toner Cartridge,102.00,102.00,0.0,NO CHANGE,,,
MY000936,Compatible Xerox 006R04394 High Capacity Yellow Toner Cartridge,99.95,99.95,0.0,NO CHANGE,,,
MY000296,Compatible Canon 104 Black Toner Cartridge (0263B001AA),15.95,15.95,0.0,NO CHANGE,,,
MY000344,Compatible Canon FX10 Extra High Capacity Black Toner Cartridge (0263B002AAXXL),16.95,16.95,0.0,NO CHANGE,,,
MY000343,Compatible Canon FX10 Black Toner Cartridge (0263B002AA),15.95,15.95,0.0,NO CHANGE,,,
MY000209,Compatible Canon 039 Black Toner Cartridge (0287C001),33.95,33.95,0.0,NO CHANGE,,,
MY000210,Compatible Canon 039H High Capacity Black Toner Cartridge (0288C001),35.95,35.95,0.0,NO CHANGE,,,
MY000216,Compatible Canon 041BK Black Toner Cartridge (0452C002),21.95,21.95,0.0,NO CHANGE,,,
MY001004,Remanufactured Canon 040 Yellow Toner Cartridge (0454C001),39.95,39.95,0.0,NO CHANGE,,,
MY000215,Compatible Canon 040H High Capacity Yellow Toner Cartridge (0455C001),35.95,35.95,0.0,NO CHANGE,,,
MY000211,Compatible Canon 040H High Capacity Black Toner Cartridge (0461C001),39.95,39.95,0.0,NO CHANGE,,,
MY000299,Compatible Canon 708H High Capacity Black Toner Cartridge (0917B002AA),22.95,22.95,0.0,NO CHANGE,,,
MY000300,Compatible Canon 710H High Capacity Black Toner Cartridge (0986B001AA),30.95,30.95,0.0,NO CHANGE,,,
MY000937,Compatible Xerox 101R00474 Black Drum Cartridge,21.95,21.95,0.0,NO CHANGE,,,
MY000938,Compatible Xerox 106R01159 Black Toner Cartridge,22.95,22.95,0.0,NO CHANGE,,,
MY000940,Compatible Xerox 106R01162 High Capacity Yellow Toner Cartridge,52.95,52.95,0.0,NO CHANGE,,,
MY000941,Compatible Xerox 106R01163 High Capacity Black Toner Cartridge,52.95,52.95,0.0,NO CHANGE,,,
MY000945,Compatible Xerox 106R01333 Yellow Toner Cartridge,16.95,16.95,0.0,NO CHANGE,,,
MY000946,Compatible Xerox 106R01334 Black Toner Cartridge,16.95,16.95,0.0,NO CHANGE,,,
MY000947,Compatible Xerox 106R01374 High Capacity Black Toner Cartridge,25.95,25.95,0.0,NO CHANGE,,,
MY000948,Compatible Xerox 106R01379 High Capacity Black Toner Cartridge,34.95,34.95,0.0,NO CHANGE,,,
MY000953,Compatible Xerox 106R01454 Yellow Toner Cartridge,14.95,14.95,0.0,NO CHANGE,,,
MY000954,Compatible Xerox 106R01455 Black Toner Cartridge,14.95,14.95,0.0,NO CHANGE,,,
MY000957,Compatible Xerox 106R01479 Yellow Toner Cartridge,15.95,15.95,0.0,NO CHANGE,,,
MY000958,Compatible Xerox 106R01480 Black Toner Cartridge,15.95,15.95,0.0,NO CHANGE,,,
MY000959,Compatible Xerox 106R01486 High Capacity Black Toner Cartridge,27.95,27.95,0.0,NO CHANGE,,,
MY000963,Compatible Xerox 106R01596 High Capacity Yellow Toner Cartridge,16.95,16.95,0.0,NO CHANGE,,,
MY000964,Compatible Xerox 106R01597 High Capacity Black Toner Cartridge,16.95,16.95,0.0,NO CHANGE,,,
MY000968,Compatible Xerox 106R01629 Yellow Toner Cartridge,15.95,15.95,0.0,NO CHANGE,,,
MY000969,Compatible Xerox 106R01630 Black Toner Cartridge,15.95,15.95,0.0,NO CHANGE,,,
MY000973,Compatible Xerox 106R02231 High Capacity Yellow Toner Cartridge,19.95,19.95,0.0,NO CHANGE,,,
MY000974,Compatible Xerox 106R02232 High Capacity Black Toner Cartridge,19.95,19.95,0.0,NO CHANGE,,,
MY000975,Compatible Xerox 106R02306 High Capacity Black Toner Cartridge (106R02307),30.95,30.95,0.0,NO CHANGE,,,
MY000976,Compatible Xerox 106R02311 High Capacity Black Toner Cartridge,29.95,29.95,0.0,NO CHANGE,,,
MY000977,Compatible Xerox 106R02598 Black Toner Cartridge,32.95,32.95,0.0,NO CHANGE,,,
MY000981,Compatible Xerox 106R02758 Yellow Toner Cartridge,15.95,15.95,0.0,NO CHANGE,,,
MY000982,Compatible Xerox 106R02759 Black Toner Cartridge,15.95,15.95,0.0,NO CHANGE,,,
MY000983,Compatible Xerox 106R02773 Black Toner Cartridge,20.95,20.95,0.0,NO CHANGE,,,
MY000984,Compatible Xerox 106R02777 High Capacity Black Toner Cartridge,21.95,21.95,0.0,NO CHANGE,,,
MY000987,Compatible Xerox 106R03475 Yellow Toner Cartridge,16.95,16.95,0.0,NO CHANGE,,,
MY000988,Compatible Xerox 106R03476 Black Toner Cartridge,16.95,16.95,0.0,NO CHANGE,,,
MY000990,Compatible Xerox 106R03480 High Capacity Black Toner Cartridge,16.95,16.95,0.0,NO CHANGE,,,
MY000991,Compatible Xerox 106R03624 Extra High Capacity Black Toner Cartridge,30.95,30.95,0.0,NO CHANGE,,,
MY000994,Compatible Xerox 106R03692 Extra High Capacity Yellow Toner Cartridge,16.95,16.95,0.0,NO CHANGE,,,
MY000995,Compatible Xerox 109R00747 High Capacity Black Toner Cartridge,22.95,22.95,0.0,NO CHANGE,,,
MY001091,Remanufactured Xerox 113R00725 High Capacity Yellow Toner Cartridge,43.95,43.95,0.0,NO CHANGE,,,
MY001092,Remanufactured Xerox 113R00726 High Capacity Black Toner Cartridge,43.95,43.95,0.0,NO CHANGE,,,
MY000996,Compatible Xerox 113R00730 High Capacity Black Toner Cartridge,22.95,22.95,0.0,NO CHANGE,,,
MY001041,Remanufactured Lexmark 12016SE Black Toner Cartridge,30.95,30.95,0.0,NO CHANGE,,,
MY000224,Compatible Canon 045Y Yellow Toner Cartridge (1239C002),20.95,20.95,0.0,NO CHANGE,,,
MY000217,Compatible Canon 045BK Black Toner Cartridge (1242C002),20.95,20.95,0.0,NO CHANGE,,,
MY000222,Compatible Canon 045H-Y High Capacity Yellow Toner Cartridge (1243C002),18.95,18.95,0.0,NO CHANGE,,,
MY000218,Compatible Canon 045H-BK High Capacity Black Toner Cartridge (1246C002),19.95,19.95,0.0,NO CHANGE,,,
MY000229,Compatible Canon 046-Y Yellow Toner Cartridge (1247C002),18.95,18.95,0.0,NO CHANGE,,,
MY000225,Compatible Canon 046-BK Black Toner Cartridge (1250C002),18.95,18.95,0.0,NO CHANGE,,,
MY000234,Compatible Canon 046H-Y High Capacity Yellow Toner Cartridge (1251C002),25.95,25.95,0.0,NO CHANGE,,,
MY000230,Compatible Canon 046H-BK High Capacity Black Toner Cartridge (1254C002),25.95,25.95,0.0,NO CHANGE,,,
MY000301,Compatible Canon 712 Black Toner Cartridge (1870B002AA),15.95,15.95,0.0,NO CHANGE,,,
MY000302,Compatible Canon 712 Extra High Capacity Black Toner Cartridge (1870B002AAXXL),16.95,16.95,0.0,NO CHANGE,,,
MY000303,Compatible Canon 713 Black Toner Cartridge (1871B002AA),15.95,15.95,0.0,NO CHANGE,,,
MY000304,Compatible Canon 713 Extra High Capacity Black Toner Cartridge (1871B002AAXXL),16.95,16.95,0.0,NO CHANGE,,,
MY000305,Compatible Canon 715 Black Toner Cartridge (1975B002AA),18.95,18.95,0.0,NO CHANGE,,,
MY000306,Compatible Canon 715H High Capacity Black Toner Cartridge (1976B002AA),22.95,22.95,0.0,NO CHANGE,,,
MY000311,Compatible Canon 716 Yellow Toner Cartridge (1977B002AA),20.95,20.95,0.0,NO CHANGE,,,
MY000307,Compatible Canon 716 Black Toner Cartridge (1980B002AA),20.95,20.95,0.0,NO CHANGE,,,
MY000842,Compatible Kyocera TK-590Y Yellow Toner Cartridge (1T02KVANL0),23.95,23.95,0.0,NO CHANGE,,,
MY000763,Compatible Kyocera TK-5140K Black Toner Cartridge (1T02NR0NL0),22.95,22.95,0.0,NO CHANGE,,,
MY000765,Compatible Kyocera TK-5140Y Yellow Toner Cartridge (1T02NRANL0),22.95,22.95,0.0,NO CHANGE,,,
MY000847,Compatible Kyocera TK5150K Black Toner Cartridge (1T02NS0NL0),28.95,28.95,0.0,NO CHANGE,,,
MY000849,Compatible Kyocera TK5150Y Yellow Toner Cartridge (1T02NSANL0),28.95,28.95,0.0,NO CHANGE,,,
MY000768,Compatible Kyocera TK-5160K Black Toner Cartridge (1T02NT0NL0),30.95,30.95,0.0,NO CHANGE,,,
MY000770,Compatible Kyocera TK-5160Y Yellow Toner Cartridge (1T02NTANL0),27.95,27.95,0.0,NO CHANGE,,,
MY000783,Compatible Kyocera TK-5240K Black Toner Cartridge (1T02R70NL0),16.95,16.95,0.0,NO CHANGE,,,
MY000785,Compatible Kyocera TK-5240Y Yellow Toner Cartridge (1T02R7ANL0),16.95,16.95,0.0,NO CHANGE,,,
MY000778,Compatible Kyocera TK-5230K Black Toner Cartridge (1T02R90NL0),16.95,16.95,0.0,NO CHANGE,,,
MY000773,Compatible Kyocera TK-5220K Black Toner Cartridge (1T02R90NL1),17.95,17.95,0.0,NO CHANGE,,,
MY000780,Compatible Kyocera TK-5230Y Yellow Toner Cartridge (1T02R9ANL0),16.95,16.95,0.0,NO CHANGE,,,
MY000775,Compatible Kyocera TK-5220Y Yellow Toner Cartridge (1T02R9ANL1),15.95,15.95,0.0,NO CHANGE,,,
MY000736,Compatible Kyocera TK-1150 Black Toner Cartridge (1T02RV0NL0),16.95,16.95,0.0,NO CHANGE,,,
MY000737,Compatible Kyocera TK-1160 Black Toner Cartridge (1T02RY0NL0),16.95,16.95,0.0,NO CHANGE,,,
MY000738,Compatible Kyocera TK-1170 Black Toner Cartridge (1T02S50NL0),18.95,18.95,0.0,NO CHANGE,,,
MY000753,Compatible Kyocera TK-3190 Black Toner Cartridge (1T02T60NL0),20.95,20.95,0.0,NO CHANGE,,,
MY000752,Compatible Kyocera TK-3170 Black Toner Cartridge (1T02T80NL0),22.95,22.95,0.0,NO CHANGE,,,
MY000751,Compatible Kyocera TK-3160 Black Toner Cartridge & Waste Toner Bottle (1T02T90NL0),19.95,19.95,0.0,NO CHANGE,,,
MY000788,Compatible Kyocera TK-5270K Black Toner Cartridge (1T02TV0NL0),23.95,23.95,0.0,NO CHANGE,,,
MY000790,Compatible Kyocera TK-5270Y Yellow Toner Cartridge (1T02TVANL0),22.95,22.95,0.0,NO CHANGE,,,
MY000793,Compatible Kyocera TK-5280K Black Toner Cartridge (1T02TW0NL0),29.95,29.95,0.0,NO CHANGE,,,
MY000795,Compatible Kyocera TK-5280Y Yellow Toner Cartridge (1T02TWANL0),29.95,29.95,0.0,NO CHANGE,,,
MY000798,Compatible Kyocera TK-5370K Black Toner Cartridge (1T02YJ0NL0),33.95,33.95,0.0,NO CHANGE,,,
MY000800,Compatible Kyocera TK-5370Y Yellow Toner Cartridge (1T02YJANL0),31.95,31.95,0.0,NO CHANGE,,,
MY000803,Compatible Kyocera TK-5380K Black Toner Cartridge (1T02Z00NL0),37.95,37.95,0.0,NO CHANGE,,,
MY000805,Compatible Kyocera TK-5380Y Yellow Toner Cartridge (1T02Z0ANL0),41.95,41.95,0.0,NO CHANGE,,,
MY000818,Compatible Kyocera TK-5450K Black Toner Cartridge (1T0C0D0NL0),35.95,35.95,0.0,NO CHANGE,,,
MY000820,Compatible Kyocera TK-5450Y Yellow Toner Cartridge (1T0C0DANL0),35.95,35.95,0.0,NO CHANGE,,,
MY000757,Compatible Kyocera TK-3430 Black Toner Cartridge (1T0C0W0NL0),37.95,37.95,0.0,NO CHANGE,,,
MY000756,Compatible Kyocera TK-3410 Black Toner Cartridge (1T0C0X0NL0),37.95,37.95,0.0,NO CHANGE,,,
MY000755,Compatible Kyocera TK-3400 Black Toner Cartridge (1T0C0Y0NL0),25.95,25.95,0.0,NO CHANGE,,,
MY000823,Compatible Kyocera TK-5480K Black Toner Cartridge (1T0C220NL0),21.95,21.95,0.0,NO CHANGE,,,
MY000828,Compatible Kyocera TK-5490K High Capacity Black Toner Cartridge (1T0C220NL1),24.95,24.95,0.0,NO CHANGE,,,
MY000825,Compatible Kyocera TK-5480Y Yellow Toner Cartridge (1T0C22ANL0),21.95,21.95,0.0,NO CHANGE,,,
MY000830,Compatible Kyocera TK-5490Y High Capacity Yellow Toner Cartridge (1T0C22ANL1),22.95,22.95,0.0,NO CHANGE,,,
MY000840,Compatible Kyocera TK-590K Black Toner Cartridge (1TO2KVONLO),26.95,26.95,0.0,NO CHANGE,,,
MY000235,Compatible Canon 047 Black Toner Cartridge (2164C002),15.95,15.95,0.0,NO CHANGE,,,
MY000236,Compatible Canon 051 Black Toner Cartridge (2168C002),16.95,16.95,0.0,NO CHANGE,,,
MY000237,Compatible Canon 051H High Capacity Black Toner Cartridge (2169C002),16.95,16.95,0.0,NO CHANGE,,,
MY000238,Compatible Canon 052H High Capacity Black Toner Cartridge (2200C002),21.95,21.95,0.0,NO CHANGE,,,
MY000320,Compatible Canon 720 Black Toner Cartridge (2617B002AA),16.95,16.95,0.0,NO CHANGE,,,
MY000316,Compatible Canon 718 Yellow Toner Cartridge (2659B002AA),19.95,19.95,0.0,NO CHANGE,,,
MY000312,Compatible Canon 718 Black Toner Cartridge (2662B002AA),20.95,20.95,0.0,NO CHANGE,,,
MY000345,Compatible Canon PG-510 Black Ink Cartridge (2970B001),22.95,22.95,0.0,NO CHANGE,,,
MY000260,Compatible Canon 056L Black Toner Cartridge (3006C002),32.95,32.95,0.0,NO CHANGE,,,
MY000259,Compatible Canon 056 Black Toner Cartridge (3007C002),38.95,38.95,0.0,NO CHANGE,,,
MY000261,Compatible Canon 057 Black Toner Cartridge (3009C002),26.95,26.95,0.0,NO CHANGE,,,
MY000262,Compatible Canon 057H High Capacity Black Toner Cartridge (3010C002),33.95,33.95,0.0,NO CHANGE,,,
MY000253,Compatible Canon 055 Yellow Toner Cartridge (3013C002),30.95,30.95,0.0,NO CHANGE,,,
MY000249,Compatible Canon 055 Black Toner Cartridge (3016C002),30.95,30.95,0.0,NO CHANGE,,,
MY000258,Compatible Canon 055H High Capacity Yellow Toner Cartridge (3017C002),41.95,41.95,0.0,NO CHANGE,,,
MY000254,Compatible Canon 055H High Capacity Black Toner Cartridge (3020C002),33.95,33.95,0.0,NO CHANGE,,,
MY000243,Compatible Canon 054 Yellow Toner Cartridge (3021C002),18.95,18.95,0.0,NO CHANGE,,,
MY000239,Compatible Canon 054 Black Toner Cartridge (3024C002),18.95,18.95,0.0,NO CHANGE,,,
MY000248,Compatible Canon 054H High Capacity Yellow Toner Cartridge (3025C002),18.95,18.95,0.0,NO CHANGE,,,
MY000244,Compatible Canon 054H High Capacity Black Toner Cartridge (3028C002),20.95,20.95,0.0,NO CHANGE,,,
MY000317,Compatible Canon 719 Black Toner Cartridge (3479B002AA),16.95,16.95,0.0,NO CHANGE,,,
MY000319,Compatible Canon 719H Extra High Capacity Black Toner Cartridge (3480B002AAXXL),27.95,27.95,0.0,NO CHANGE,,,
MY000318,Compatible Canon 719H High Capacity Black Toner Cartridge (3480B002AA),19.95,19.95,0.0,NO CHANGE,,,
MY000321,Compatible Canon 724 Black Toner Cartridge (3481B002AA),27.95,27.95,0.0,NO CHANGE,,,
MY000322,Compatible Canon 724H High Capacity Black Toner Cartridge (3482B002AA),32.95,32.95,0.0,NO CHANGE,,,
MY000325,Compatible Canon 726 Black Toner Cartridge (3483B002AA),15.95,15.95,0.0,NO CHANGE,,,
MY000326,Compatible Canon 726 Extra High Capacity Black Toner Cartridge (3483B002AAXXL),16.95,16.95,0.0,NO CHANGE,,,
MY000323,Compatible Canon 725 Black Toner Cartridge (3484B002AA),15.95,15.95,0.0,NO CHANGE,,,
MY000324,Compatible Canon 725 Extra High Capacity Black Toner Cartridge (3484B002AAXXL),16.95,16.95,0.0,NO CHANGE,,,
MY000328,Compatible Canon 728 Extra High Capacity Black Toner Cartridge (3500B002XXL),16.95,16.95,0.0,NO CHANGE,,,
MY000327,Compatible Canon 728 Black Toner Cartridge (3500B002),15.95,15.95,0.0,NO CHANGE,,,
MY000351,Compatible Canon PG-560XL High Capacity Black Ink Cartridge (3712C001),28.95,28.95,0.0,NO CHANGE,,,
MY000578,Compatible HP 305XL High Capacity Black Ink Cartridge (3YM62AE),24.95,24.95,0.0,NO CHANGE,,,
MY001058,Remanufactured OKI 43324421 Yellow Toner Cartridge,24.95,24.95,0.0,NO CHANGE,,,
MY000851,Compatible OKI 43502002 High Capacity Black Toner Cartridge,20.95,20.95,0.0,NO CHANGE,,,
MY000852,Compatible OKI 43979102 Black Toner Cartridge,16.95,16.95,0.0,NO CHANGE,,,
MY000856,Compatible OKI 44469704 Yellow Toner Cartridge,17.95,17.95,0.0,NO CHANGE,,,
MY000859,Compatible OKI 44469722 High Capacity Yellow Toner Cartridge,16.95,16.95,0.0,NO CHANGE,,,
MY000862,Compatible OKI 44469803 Black Toner Cartridge,17.95,17.95,0.0,NO CHANGE,,,
MY000863,Compatible OKI 44469804 High Capacity Black Toner Cartridge,16.95,16.95,0.0,NO CHANGE,,,
MY000864,Compatible OKI 44574702 Black Toner Cartridge,18.95,18.95,0.0,NO CHANGE,,,
MY000865,Compatible OKI 44574902 High Capacity Black Toner Cartridge,21.95,21.95,0.0,NO CHANGE,,,
MY001062,Remanufactured OKI 44643001 Yellow Toner Cartridge,40.95,40.95,0.0,NO CHANGE,,,
MY001065,Remanufactured OKI 44643004 Black Toner Cartridge,40.95,40.95,0.0,NO CHANGE,,,
MY000867,Compatible OKI 44973533 Yellow Toner Cartridge,17.95,17.95,0.0,NO CHANGE,,,
MY000870,Compatible OKI 44973536 Black Toner Cartridge,17.95,17.95,0.0,NO CHANGE,,,
MY000871,Compatible OKI 44992402 High Capacity Black Toner Cartridge,16.95,16.95,0.0,NO CHANGE,,,
MY000872,Compatible OKI 45807106 High Capacity Black Toner Cartridge,21.95,21.95,0.0,NO CHANGE,,,
MY000873,Compatible OKI 45807111 Extra High Capacity Black Toner Cartridge,24.95,24.95,0.0,NO CHANGE,,,
MY000875,Compatible Oki 46490605 High Capacity Yellow Toner Cartridge,26.95,26.95,0.0,NO CHANGE,,,
MY000878,Compatible Oki 46490608 High Capacity Black Toner Cartridge,27.95,27.95,0.0,NO CHANGE,,,
MY000879,Compatible Oki 46508709 High Capacity Yellow Toner Cartridge,23.95,23.95,0.0,NO CHANGE,,,
MY000883,Compatible Oki 46508712 High Capacity Black Toner Cartridge,23.95,23.95,0.0,NO CHANGE,,,
MY000282,Compatible Canon 069Y Yellow Toner Cartridge (5091C002),41.95,41.95,0.0,NO CHANGE,,,
MY000274,Compatible Canon 069BK Black Toner Cartridge (5094C002),41.95,41.95,0.0,NO CHANGE,,,
MY000280,Compatible Canon 069HY High Capacity Yellow Toner Cartridge (5095C002),36.95,36.95,0.0,NO CHANGE,,,
MY000277,Compatible Canon 069HBK High Capacity Black Toner Cartridge (5098C002),36.95,36.95,0.0,NO CHANGE,,,
MY000272,Compatible Canon 067Y Yellow Toner Cartridge (5099C002),24.95,24.95,0.0,NO CHANGE,,,
MY001042,Remanufactured Lexmark 502X Extra High Capacity Black Toner Cartridge (50F2X00),79.95,79.95,0.0,NO CHANGE,,,
MY000264,Compatible Canon 067BK Black Toner Cartridge (5102C002),24.95,24.95,0.0,NO CHANGE,,,
MY000270,Compatible Canon 067HY High Capacity Yellow Toner Cartridge (5103C002),28.95,28.95,0.0,NO CHANGE,,,
MY000267,Compatible Canon 067HBK High Capacity Black Toner Cartridge (5106C002),28.95,28.95,0.0,NO CHANGE,,,
MY000347,Compatible Canon PG-540XL High Capacity Black Ink Cartridge (5222B005AA / 5222B001),28.95,28.95,0.0,NO CHANGE,,,
MY000353,Compatible Canon PG-575XL High Capacity Black Ink Cartridge (5437C001),28.95,28.95,0.0,NO CHANGE,,,
MY000283,Compatible Canon 070 Black Toner Cartridge (5639C002),39.95,39.95,0.0,NO CHANGE,,,
MY000284,Compatible Canon 071 Black Toner Cartridge (5645C002),35.95,35.95,0.0,NO CHANGE,,,
MY000285,Compatible Canon 071H High Capacity Black Toner Cartridge (5646C002),40.95,40.95,0.0,NO CHANGE,,,
MY001043,Remanufactured Lexmark 56F2000 Black Toner Cartridge,123.00,123.00,0.0,NO CHANGE,,,
MY001044,Remanufactured Lexmark 56F2H00 High Capacity Black Toner Cartridge,143.00,143.00,0.0,NO CHANGE,,,
MY001045,Remanufactured Lexmark 56F2X00 Extra High Capacity Black Toner Cartridge,179.00,179.00,0.0,NO CHANGE,,,
MY000341,Compatible Canon EP-25 High Capacity Black Toner Cartridge (5773A004XL),22.95,22.95,0.0,NO CHANGE,,,
MY000340,Compatible Canon EP-25 Black Toner Cartridge (5773A004),19.95,19.95,0.0,NO CHANGE,,,
MY001046,Remanufactured Lexmark 58D2000 Black Toner Cartridge,163.00,163.00,0.0,NO CHANGE,,,
MY001047,Remanufactured Lexmark 58D2H00 High Capacity Black Toner Cartridge,182.00,182.00,0.0,NO CHANGE,,,
MY001048,Remanufactured Lexmark 58D2U00 Ultra High Capacity Black Toner Cartridge,228.00,228.00,0.0,NO CHANGE,,,
MY001049,Remanufactured Lexmark 58D2X0E Extra High Capacity Black Toner Cartridge,217.00,217.00,0.0,NO CHANGE,,,
MY000396,Compatible Dell J9833 Black Toner Cartridge (593-10094/10109),22.95,22.95,0.0,NO CHANGE,,,
MY001009,Remanufactured Dell NF556 High Capacity Yellow Toner Cartridge (593-10173),45.95,45.95,0.0,NO CHANGE,,,
MY000388,Compatible Dell DT615 High Capacity Black Toner Cartridge (593-10258),16.95,16.95,0.0,NO CHANGE,,,
MY000402,Compatible Dell PN124 High Capacity Yellow Toner Cartridge (593-10260),16.95,16.95,0.0,NO CHANGE,,,
MY001007,Remanufactured Dell H515C High Capacity Yellow Toner Cartridge (593-10291),47.95,47.95,0.0,NO CHANGE,,,
MY000391,Compatible Dell FM064 High Capacity Black Toner Cartridge (593-10312),16.95,16.95,0.0,NO CHANGE,,,
MY000392,Compatible Dell FM066 High Capacity Yellow Toner Cartridge (593-10314),16.95,16.95,0.0,NO CHANGE,,,
MY000401,Compatible Dell PK941 / PK937 High Capacity Black Toner Cartridge (593-10335 / 593-10334),33.95,33.95,0.0,NO CHANGE,,,
MY000390,Compatible Dell F942P High Capacity Black Toner Cartridge (593-10925),30.95,30.95,0.0,NO CHANGE,,,
MY000382,Compatible Dell 7H53W High Capacity Black Toner Cartridge (593-10961),23.95,23.95,0.0,NO CHANGE,,,
MY000384,Compatible Dell 9X54J High Capacity Yellow Toner Cartridge (593-11037),15.95,15.95,0.0,NO CHANGE,,,
MY000399,Compatible Dell MY5TJ High Capacity Black Toner Cartridge (593-11040),15.95,15.95,0.0,NO CHANGE,,,
MY000395,Compatible Dell HF44N Black Toner Cartridge (593-11108),18.95,18.95,0.0,NO CHANGE,,,
MY000387,Compatible Dell DRYXV High Capacity Black Toner Cartridge (593-11109),22.95,22.95,0.0,NO CHANGE,,,
MY000358,Compatible Dell 4CHT7 Extra High Capacity Black Toner Cartridge (593-11119),20.95,20.95,0.0,NO CHANGE,,,
MY000389,Compatible Dell F8N91 Extra High Capacity Yellow Toner Cartridge (593-11120),20.95,20.95,0.0,NO CHANGE,,,
MY000381,Compatible Dell 7C6F7 Black Toner Cartridge (593-11130),15.95,15.95,0.0,NO CHANGE,,,
MY000407,Compatible Dell XY7N4 Yellow Toner Cartridge (593-11131),15.95,15.95,0.0,NO CHANGE,,,
MY000365,Compatible Dell 593-11140 High Capacity Black Toner Cartridge,15.95,15.95,0.0,NO CHANGE,,,
MY000368,Compatible Dell 593-11143 High Capacity Yellow Toner Cartridge,15.95,15.95,0.0,NO CHANGE,,,
MY000385,Compatible Dell C3NTP High Capacity Black Toner Cartridge (593-11167),32.95,32.95,0.0,NO CHANGE,,,
MY000383,Compatible Dell 8PTH4 High Capacity Black Toner Cartridge (593-BBBJ),33.95,33.95,0.0,NO CHANGE,,,
MY000408,Compatible Dell YR3W3 High Capacity Yellow Toner Cartridge (593-BBBR),17.95,17.95,0.0,NO CHANGE,,,
MY000403,Compatible Dell RD80W Extra High Capacity Black Toner Cartridge (593-BBBU),17.95,17.95,0.0,NO CHANGE,,,
MY000373,Compatible Dell 593-BBLN Black Toner Cartridge,15.95,15.95,0.0,NO CHANGE,,,
MY000374,Compatible Dell 593-BBLV Yellow Toner Cartridge,14.95,14.95,0.0,NO CHANGE,,,
MY000386,Compatible Dell D9GY0 High Capacity Black Toner Cartridge (593-BBMH),21.95,21.95,0.0,NO CHANGE,,,
MY000397,Compatible Dell KNRMF Black Toner Cartridge (593-BBMM),18.95,18.95,0.0,NO CHANGE,,,
MY000377,Compatible Dell 593-BBSB High Capacity Black Toner Cartridge,15.95,15.95,0.0,NO CHANGE,,,
MY000379,Compatible Dell 593-BBSE High Capacity Yellow Toner Cartridge,15.95,15.95,0.0,NO CHANGE,,,
MY001050,Remanufactured Lexmark 602H High Capacity Black Toner Cartridge (60F2H00),62.95,62.95,0.0,NO CHANGE,,,
MY000332,Compatible Canon 731 Yellow Toner Cartridge (6269B002),20.95,20.95,0.0,NO CHANGE,,,
MY000333,Compatible Canon 731H High Capacity Black Toner Cartridge (6273B002),20.95,20.95,0.0,NO CHANGE,,,
MY000295,Compatible Canon 075Y Yellow Toner Cartridge (6362C002),62.95,62.95,0.0,NO CHANGE,,,
MY000287,Compatible Canon 075BK Black Toner Cartridge (6365C002),62.95,62.95,0.0,NO CHANGE,,,
MY000293,Compatible Canon 075HY High Capacity Yellow Toner Cartridge (6366C002),82.95,82.95,0.0,NO CHANGE,,,
MY000290,Compatible Canon 075HBK High Capacity Black Toner Cartridge (6369C002),91.95,91.95,0.0,NO CHANGE,,,
MY000298,Compatible Canon 703 Extra High Capacity Black Toner Cartridge (7616A005AAXXL),16.95,16.95,0.0,NO CHANGE,,,
MY000297,Compatible Canon 703 Black Toner Cartridge (7616A005AA),15.95,15.95,0.0,NO CHANGE,,,
MY001053,Remanufactured Lexmark 802HY High Capacity Yellow Toner Cartridge (80C2HY0),68.95,68.95,0.0,NO CHANGE,,,
MY000349,Compatible Canon PG-545XL High Capacity Black Ink Cartridge (8286B001),23.95,23.95,0.0,NO CHANGE,,,
MY000342,Compatible Canon EP-27 Black Toner Cartridge (8489A002AA),18.95,18.95,0.0,NO CHANGE,,,
MY000850,Compatible OKI 09004079 High Capacity Black Toner Cartridge,57.95,57.95,0.0,NO CHANGE,,,
MY000334,Compatible Canon 737 Black Toner Cartridge (9435B002),15.95,15.95,0.0,NO CHANGE,,,
MY000728,Compatible Konica Minolta TN512K Black Toner Cartridge (A33K152),44.95,44.95,0.0,NO CHANGE,,,
MY000730,Compatible Konica Minolta TN512Y Yellow Toner Cartridge (A33K252),65.95,65.95,0.0,NO CHANGE,,,
MY000719,Compatible Konica Minolta TN324K Black Toner Cartridge (A8DA150),43.95,43.95,0.0,NO CHANGE,,,
MY000721,Compatible Konica Minolta TN324Y Yellow Toner Cartridge (A8DA250),49.95,49.95,0.0,NO CHANGE,,,
MY000723,Compatible Konica Minolta TN328K Black Toner Cartridge (AAV8150),73.95,73.95,0.0,NO CHANGE,,,
MY000725,Compatible Konica Minolta TN328Y Yellow Toner Cartridge (AAV8250),77.95,77.95,0.0,NO CHANGE,,,
MY000409,Compatible Epson S050166 High Capacity Black Toner Cartridge (C13S050166),28.95,28.95,0.0,NO CHANGE,,,
MY000410,Compatible Epson S050523 High Capacity Black Toner Cartridge (C13S050523),29.95,29.95,0.0,NO CHANGE,,,
MY000412,Compatible Epson S050611 High Capacity Yellow Toner Cartridge (C13S050611),15.95,15.95,0.0,NO CHANGE,,,
MY000415,Compatible Epson S050614 High Capacity Black Toner Cartridge (C13S050614),15.95,15.95,0.0,NO CHANGE,,,
MY000416,Compatible Epson S050627 Yellow Toner Cartridge (C13S050627),15.95,15.95,0.0,NO CHANGE,,,
MY000419,Compatible Epson S050630 Black Toner Cartridge (C13S050630),15.95,15.95,0.0,NO CHANGE,,,
MY000421,Compatible Epson S050690 Black Toner Cartridge (C13S050690),17.95,17.95,0.0,NO CHANGE,,,
MY000422,Compatible Epson S050691 High Capacity Black Toner Cartridge (C13S050691),19.95,19.95,0.0,NO CHANGE,,,
MY001010,Remanufactured Epson S051158 High Capacity Yellow Toner Cartridge (C13S051158),45.95,45.95,0.0,NO CHANGE,,,
MY000652,Compatible HP 62XL High Capacity Black Ink Cartridge (C2P05AE),28.95,28.95,0.0,NO CHANGE,,,
MY000474,Compatible HP 15A Black Toner Cartridge (C7115A),19.95,19.95,0.0,NO CHANGE,,,
MY000475,Compatible HP 15X High Capacity Black Toner Cartridge (C7115X),22.95,22.95,0.0,NO CHANGE,,,
MY001030,Remanufactured HP 43X Black Toner Cartridge (C8543X),112.00,112.00,0.0,NO CHANGE,,,
MY001012,Remanufactured HP 121A Black Toner Cartridge (C9700A),43.95,43.95,0.0,NO CHANGE,,,
MY001033,Remanufactured HP 641A Black Toner Cartridge (C9720A),58.95,58.95,0.0,NO CHANGE,,,
MY000595,Compatible HP 35A Black Toner Cartridge (CB435A),15.95,15.95,0.0,NO CHANGE,,,
MY000596,Compatible HP 35X Extra High Capacity Black Toner Cartridge (CB435XXXL),16.95,16.95,0.0,NO CHANGE,,,
MY000597,Compatible HP 36A Black Toner Cartridge (CB436A),15.95,15.95,0.0,NO CHANGE,,,
MY000598,Compatible HP 36X Extra High Capacity Black Toner Cartridge (CB436XXXL),16.95,16.95,0.0,NO CHANGE,,,
MY000442,Compatible HP 125A Black Toner Cartridge (CB540A),20.95,20.95,0.0,NO CHANGE,,,
MY000446,Compatible HP 125A Yellow Toner Cartridge (CB542A),20.95,20.95,0.0,NO CHANGE,,,
MY000660,Compatible HP 64A Black Toner Cartridge (CC364A),30.95,30.95,0.0,NO CHANGE,,,
MY000661,Compatible HP 64X High Capacity Black Toner Cartridge (CC364X),40.95,40.95,0.0,NO CHANGE,,,
MY000564,Compatible HP 304A Black Toner Cartridge (CC530A),20.95,20.95,0.0,NO CHANGE,,,
MY000568,Compatible HP 304A Yellow Toner Cartridge (CC532A),19.95,19.95,0.0,NO CHANGE,,,
MY000634,Compatible HP 504X High Capacity Black Toner Cartridge (CE250X),37.95,37.95,0.0,NO CHANGE,,,
MY000632,Compatible HP 504A Yellow Toner Cartridge (CE252A),33.95,33.95,0.0,NO CHANGE,,,
MY000649,Compatible HP 55X High Capacity Black Toner Cartridge (CE255X),32.95,32.95,0.0,NO CHANGE,,,
MY000659,Compatible HP 649X High Capacity Black Toner Cartridge (CE260X),43.95,43.95,0.0,NO CHANGE,,,
MY000657,Compatible HP 648A Yellow Toner Cartridge (CE262A),38.95,38.95,0.0,NO CHANGE,,,
MY000688,Compatible HP 78A Extra High Capacity Black Toner Cartridge (CE278AXXL),16.95,16.95,0.0,NO CHANGE,,,
MY000687,Compatible HP 78A Black Toner Cartridge (CE278A),15.95,15.95,0.0,NO CHANGE,,,
MY000697,Compatible HP 85A Black Toner Cartridge (CE285A),15.95,15.95,0.0,NO CHANGE,,,
MY000698,Compatible HP 85X Extra High Capacity Black Toner Cartridge (CE285XXXL),16.95,16.95,0.0,NO CHANGE,,,
MY001018,Remanufactured HP 126A Black Toner Cartridge (CE310A),20.95,20.95,0.0,NO CHANGE,,,
MY001022,Remanufactured HP 126A Yellow Toner Cartridge (CE312A),20.95,20.95,0.0,NO CHANGE,,,
MY000447,Compatible HP 128A Black Toner Cartridge (CE320A),20.95,20.95,0.0,NO CHANGE,,,
MY000451,Compatible HP 128A Yellow Toner Cartridge (CE322A),20.95,20.95,0.0,NO CHANGE,,,
MY000662,Compatible HP 651A Black Toner Cartridge (CE340A),79.95,79.95,0.0,NO CHANGE,,,
MY000666,Compatible HP 651A Yellow Toner Cartridge (CE342A),79.95,79.95,0.0,NO CHANGE,,,
MY000704,Compatible HP 90A Black Toner Cartridge (CE390A),30.95,30.95,0.0,NO CHANGE,,,
MY000705,Compatible HP 90X High Capacity Black Toner Cartridge (CE390X),40.95,40.95,0.0,NO CHANGE,,,
MY000639,Compatible HP 507X High Capacity Black Toner Cartridge (CE400X),39.95,39.95,0.0,NO CHANGE,,,
MY000638,Compatible HP 507A Yellow Toner Cartridge (CE402A),33.95,33.95,0.0,NO CHANGE,,,
MY000572,Compatible HP 305A Black Toner Cartridge (CE410A),20.95,20.95,0.0,NO CHANGE,,,
MY000577,Compatible HP 305X High Capacity Black Toner Cartridge (CE410X),20.95,20.95,0.0,NO CHANGE,,,
MY000575,Compatible HP 305A Yellow Toner Cartridge (CE412A),19.95,19.95,0.0,NO CHANGE,,,
MY000423,Compatible HP 05A Black Toner Cartridge (CE505A),16.95,16.95,0.0,NO CHANGE,,,
MY000425,Compatible HP 05X Extra High Capacity Black Toner Cartridge (CE505XXXL),27.95,27.95,0.0,NO CHANGE,,,
MY000424,Compatible HP 05X High Capacity Black Toner Cartridge (CE505X),19.95,19.95,0.0,NO CHANGE,,,
MY000581,Compatible HP 307A Black Toner Cartridge (CE740A),77.95,77.95,0.0,NO CHANGE,,,
MY000585,Compatible HP 307A Yellow Toner Cartridge (CE742A),77.95,77.95,0.0,NO CHANGE,,,
MY000458,Compatible HP 131X High Capacity Black Toner Cartridge (CF210X),20.95,20.95,0.0,NO CHANGE,,,
MY000457,Compatible HP 131A Yellow Toner Cartridge (CF212A),20.95,20.95,0.0,NO CHANGE,,,
MY000473,Compatible HP 14X High Capacity Black Toner Cartridge (CF214X),41.95,41.95,0.0,NO CHANGE,,,
MY000476,Compatible HP 17A Black Toner Cartridge (CF217A),15.95,15.95,0.0,NO CHANGE,,,
MY000555,Compatible HP 26A Black Toner Cartridge (CF226A),17.95,17.95,0.0,NO CHANGE,,,
MY000556,Compatible HP 26X High Capacity Black Toner Cartridge (CF226X),21.95,21.95,0.0,NO CHANGE,,,
MY000586,Compatible HP 30A Black Toner Cartridge (CF230A),16.95,16.95,0.0,NO CHANGE,,,
MY000587,Compatible HP 30X High Capacity Black Toner Cartridge (CF230X),16.95,16.95,0.0,NO CHANGE,,,
MY000594,Compatible HP 32A Black Imaging Drum Unit (CF232A),17.95,17.95,0.0,NO CHANGE,,,
MY000599,Compatible HP 37A Black Toner Cartridge (CF237A),40.95,40.95,0.0,NO CHANGE,,,
MY000600,Compatible HP 37X High Capacity Black Toner Cartridge (CF237X),46.95,46.95,0.0,NO CHANGE,,,
MY001029,Remanufactured HP 37Y Extra High Capacity Black Toner Cartridge (CF237Y),204.00,204.00,0.0,NO CHANGE,,,
MY000626,Compatible HP 44A Black Toner Cartridge (CF244A),17.95,17.95,0.0,NO CHANGE,,,
MY000650,Compatible HP 59A Black Toner Cartridge (CF259A),23.95,23.95,0.0,NO CHANGE,,,
MY000651,Compatible HP 59X High Capacity Black Toner Cartridge (CF259X),37.95,37.95,0.0,NO CHANGE,,,
MY000689,Compatible HP 79A Black Toner Cartridge (CF279A),16.95,16.95,0.0,NO CHANGE,,,
MY000690,Compatible HP 80A Black Toner Cartridge (CF280A),16.95,16.95,0.0,NO CHANGE,,,
MY000692,Compatible HP 80X Extra High Capacity Black Toner Cartridge (CF280XXXL),27.95,27.95,0.0,NO CHANGE,,,
MY000691,Compatible HP 80X High Capacity Black Toner Cartridge (CF280X),19.95,19.95,0.0,NO CHANGE,,,
MY000693,Compatible HP 81A Black Toner Cartridge (CF281A),33.95,33.95,0.0,NO CHANGE,,,
MY000694,Compatible HP 81X High Capacity Black Toner Cartridge (CF281X),34.95,34.95,0.0,NO CHANGE,,,
MY000695,Compatible HP 83A Black Toner Cartridge (CF283A),15.95,15.95,0.0,NO CHANGE,,,
MY000696,Compatible HP 83X High Capacity Black Toner Cartridge (CF283X),15.95,15.95,0.0,NO CHANGE,,,
MY000699,Compatible HP 87A Black Toner Cartridge (CF287A),21.95,21.95,0.0,NO CHANGE,,,
MY000700,Compatible HP 87X High Capacity Black Toner Cartridge (CF287X),36.95,36.95,0.0,NO CHANGE,,,
MY000701,Compatible HP 89A Black Toner Cartridge (CF289A),41.95,41.95,0.0,NO CHANGE,,,
MY000702,Compatible HP 89X High Capacity Black Toner Cartridge (CF289X),49.95,49.95,0.0,NO CHANGE,,,
MY000703,Compatible HP 89Y Extra High Capacity Black Toner Cartridge (CF289Y),68.95,68.95,0.0,NO CHANGE,,,
MY000710,Compatible HP 94A Black Toner Cartridge (CF294A),16.95,16.95,0.0,NO CHANGE,,,
MY000711,Compatible HP 94X High Capacity Black Toner Cartridge (CF294X),16.95,16.95,0.0,NO CHANGE,,,
MY001035,Remanufactured HP 827A Black Toner Cartridge (CF300A),74.95,74.95,0.0,NO CHANGE,,,
MY001039,Remanufactured HP 827A Yellow Toner Cartridge (CF302A),62.95,62.95,0.0,NO CHANGE,,,
MY000554,Compatible HP 25X Black Toner Cartridge (CF325X),97.95,97.95,0.0,NO CHANGE,,,
MY000671,Compatible HP 654X High Capacity Black Toner Cartridge (CF330X),53.95,53.95,0.0,NO CHANGE,,,
MY000669,Compatible HP 654A Yellow Toner Cartridge (CF332A),50.95,50.95,0.0,NO CHANGE,,,
MY001023,Remanufactured HP 130A Black Toner Cartridge (CF350A),20.95,20.95,0.0,NO CHANGE,,,
MY001027,Remanufactured HP 130A Yellow Toner Cartridge (CF352A),20.95,20.95,0.0,NO CHANGE,,,
MY000640,Compatible HP 508X High Capacity Black Toner Cartridge (CF360X),39.95,39.95,0.0,NO CHANGE,,,
MY000644,Compatible HP 508X High Capacity Yellow Toner Cartridge (CF362X),35.95,35.95,0.0,NO CHANGE,,,
MY000588,Compatible HP 312A Black Toner Cartridge (CF380A),20.95,20.95,0.0,NO CHANGE,,,
MY000593,Compatible HP 312X High Capacity Black Toner Cartridge (CF380X),20.95,20.95,0.0,NO CHANGE,,,
MY000591,Compatible HP 312A Yellow Toner Cartridge (CF382A),19.95,19.95,0.0,NO CHANGE,,,
MY000477,Compatible HP 201A Black Toner Cartridge (CF400A),18.95,18.95,0.0,NO CHANGE,,,
MY000482,Compatible HP 201X High Capacity Black Toner Cartridge (CF400X),19.95,19.95,0.0,NO CHANGE,,,
MY000481,Compatible HP 201A Yellow Toner Cartridge (CF402A),18.95,18.95,0.0,NO CHANGE,,,
MY000486,Compatible HP 201X High Capacity Yellow Toner Cartridge (CF402X),18.95,18.95,0.0,NO CHANGE,,,
MY000604,Compatible HP 410A Black Toner Cartridge (CF410A),18.95,18.95,0.0,NO CHANGE,,,
MY000609,Compatible HP 410X High Capacity Black Toner Cartridge (CF410X),25.95,25.95,0.0,NO CHANGE,,,
MY000608,Compatible HP 410A Yellow Toner Cartridge (CF412A),18.95,18.95,0.0,NO CHANGE,,,
MY000613,Compatible HP 410X High Capacity Yellow Toner Cartridge (CF412X),25.95,25.95,0.0,NO CHANGE,,,
MY000672,Compatible HP 655A Black Toner Cartridge (CF450A),52.95,52.95,0.0,NO CHANGE,,,
MY000676,Compatible HP 655A Yellow Toner Cartridge (CF452A),48.95,48.95,0.0,NO CHANGE,,,
MY000677,Compatible HP 656X High Capacity Black Toner Cartridge (CF460X),69.95,69.95,0.0,NO CHANGE,,,
MY000681,Compatible HP 656X High Capacity Yellow Toner Cartridge (CF462X),65.95,65.95,0.0,NO CHANGE,,,
MY000682,Compatible HP 657X High Capacity Black Toner Cartridge (CF470X),65.95,65.95,0.0,NO CHANGE,,,
MY000686,Compatible HP 657X High Capacity Yellow Toner Cartridge (CF472X),65.95,65.95,0.0,NO CHANGE,,,
MY000497,Compatible HP 205A Black Toner Cartridge (CF530A),19.95,19.95,0.0,NO CHANGE,,,
MY000501,Compatible HP 205A Yellow Toner Cartridge (CF532A),19.95,19.95,0.0,NO CHANGE,,,
MY000487,Compatible HP 203A Black Toner Cartridge (CF540A),18.95,18.95,0.0,NO CHANGE,,,
MY000492,Compatible HP 203X High Capacity Black Toner Cartridge (CF540X),19.95,19.95,0.0,NO CHANGE,,,
MY000491,Compatible HP 203A Yellow Toner Cartridge (CF542A),18.95,18.95,0.0,NO CHANGE,,,
MY000496,Compatible HP 203X High Capacity Yellow Toner Cartridge (CF542X),18.95,18.95,0.0,NO CHANGE,,,
MY000557,Compatible HP 301XL High Capacity Black Ink Cartridge (CH563EE),22.95,22.95,0.0,NO CHANGE,,,
MY000885,Compatible Samsung CLP-K300A Black Toner Cartridge (CLP-K300A/ELS),16.95,16.95,0.0,NO CHANGE,,,
MY000886,Compatible Samsung CLP-Y300A Yellow Toner Cartridge (CLP-Y300A/ELS),16.95,16.95,0.0,NO CHANGE,,,
MY000001,Compatible Brother DR-1050 Black Drum Unit (DR1050),16.95,16.95,0.0,NO CHANGE,,,
MY000002,Compatible Brother DR-2200 Drum Unit (DR2200),17.95,17.95,0.0,NO CHANGE,,,
MY000003,Compatible Brother DR-2300 Drum Unit (DR2300),18.95,18.95,0.0,NO CHANGE,,,
MY000004,Compatible Brother DR-2400 Imaging Drum Unit (DR2400),18.95,18.95,0.0,NO CHANGE,,,
MY000005,Compatible Brother DR-241CL Black Drum Unit (DR241CL-BK),20.95,20.95,0.0,NO CHANGE,,,
MY000008,Compatible Brother DR-243BK Black Drum Unit (DR243CL-BK),25.95,25.95,0.0,NO CHANGE,,,
MY000010,Compatible Brother DR-243CL Drum Unit (DR243CL),74.95,74.95,0.0,NO CHANGE,,,
MY000012,Compatible Brother DR-243Y Yellow Drum Unit (DR243CL-Y),25.95,25.95,0.0,NO CHANGE,,,
MY000013,Compatible Brother DR-248CL Black Drum Unit (DR248CL-BK),32.95,32.95,0.0,NO CHANGE,,,
MY000016,Compatible Brother DR-248CL Yellow Drum Unit (DR248CL-Y),32.95,32.95,0.0,NO CHANGE,,,
MY000017,Compatible Brother DR-2510 Drum Unit (DR2510),18.95,18.95,0.0,NO CHANGE,,,
MY000018,Compatible Brother DR-3100 Drum Unit (DR3100),19.95,19.95,0.0,NO CHANGE,,,
MY000019,Compatible Brother DR-3200 Drum Unit (DR3200),19.95,19.95,0.0,NO CHANGE,,,
MY000020,Compatible Brother DR-3400 Black Drum Unit (DR3400),17.95,17.95,0.0,NO CHANGE,,,
MY000021,Compatible Brother DR-3600 Drum Unit (DR3600),25.95,25.95,0.0,NO CHANGE,,,
MY001054,Remanufactured Lexmark E250A11E Black Toner Cartridge,28.95,28.95,0.0,NO CHANGE,,,
MY001055,Remanufactured Lexmark E250X22G Photoconductor Kit,37.95,37.95,0.0,NO CHANGE,,,
MY001040,Remanufactured Lexmark 0E260A11E Black Toner Cartridge (E260A11E),32.95,32.95,0.0,NO CHANGE,,,
MY000558,Compatible HP 302XL High Capacity Black Ink Cartridge (F6U68AE),22.95,22.95,0.0,NO CHANGE,,,
MY000038,Compatible Brother LC421XL High Capacity Black Ink Cartridge (LC421XLBK),14.95,14.95,0.0,NO CHANGE,,,
MY000042,Compatible Brother LC421XL High Capacity Yellow Ink Cartridge (LC421XLY),14.95,14.95,0.0,NO CHANGE,,,
MY000024,Compatible Brother LC-422XLBK High Capacity Black Ink Cartridge (LC422XLBK),15.95,15.95,0.0,NO CHANGE,,,
MY000027,Compatible Brother LC-422XLY High Capacity Yellow Ink Cartridge (LC422XLY),14.95,14.95,0.0,NO CHANGE,,,
MY000044,Compatible Brother LC424BK Black Ink Cartridge,15.95,15.95,0.0,NO CHANGE,,,
MY000047,Compatible Brother LC424Y Yellow Ink Cartridge,14.95,14.95,0.0,NO CHANGE,,,
MY000049,Compatible Brother LC426XLBK High Capacity Black Ink Cartridge,15.95,15.95,0.0,NO CHANGE,,,
MY000052,Compatible Brother LC426XLY High Capacity Yellow Ink Cartridge,15.95,15.95,0.0,NO CHANGE,,,
MY000029,Compatible Brother LC-521BK Black Ink Cartridge (LC521BK),21.95,21.95,0.0,NO CHANGE,,,
MY000032,Compatible Brother LC-521Y Yellow Ink Cartridge (LC521Y),17.95,17.95,0.0,NO CHANGE,,,
MY000034,Compatible Brother LC-527XLBK High Capacity Black Ink Cartridge (LC527XLBK),49.95,49.95,0.0,NO CHANGE,,,
MY000037,Compatible Brother LC-527XLY High Capacity Yellow Ink Cartridge (LC527XLY),32.95,32.95,0.0,NO CHANGE,,,
MY000903,Compatible Samsung ML-1710D3 Black Toner Cartridge (ML-1710D3/ELS),21.95,21.95,0.0,NO CHANGE,,,
MY000919,Compatible Samsung MLT-D204E High Capacity Black Toner Cartridge,26.95,26.95,0.0,NO CHANGE,,,
MY000920,Compatible Samsung MLT-D204L Black Toner Cartridge,24.95,24.95,0.0,NO CHANGE,,,
MY000569,Compatible HP 304XL High Capacity Black Ink Cartridge (N9K08AE),22.95,22.95,0.0,NO CHANGE,,,
MY000601,Compatible HP 38A Black Toner Cartridge (Q1338A),39.95,39.95,0.0,NO CHANGE,,,
MY000602,Compatible HP 38X High Capacity Black Toner Cartridge (Q1338X),35.95,35.95,0.0,NO CHANGE,,,
MY000603,Compatible HP 39A Black Toner Cartridge (Q1339A),39.95,39.95,0.0,NO CHANGE,,,
MY000452,Compatible HP 12A Black Toner Cartridge (Q2612A),15.95,15.95,0.0,NO CHANGE,,,
MY000453,Compatible HP 12X Extra High Capacity Black Toner Cartridge (Q2612XXXL),16.95,16.95,0.0,NO CHANGE,,,
MY000463,Compatible HP 13A Black Toner Cartridge (Q2613A),19.95,19.95,0.0,NO CHANGE,,,
MY000464,Compatible HP 13X High Capacity Black Toner Cartridge (Q2613X),22.95,22.95,0.0,NO CHANGE,,,
MY000552,Compatible HP 24A Black Toner Cartridge (Q2624A),19.95,19.95,0.0,NO CHANGE,,,
MY000553,Compatible HP 24X High Capacity Black Toner Cartridge (Q2624X),22.95,22.95,0.0,NO CHANGE,,,
MY001015,Remanufactured HP 122A Black Toner Cartridge (Q3960A),43.95,43.95,0.0,NO CHANGE,,,
MY000624,Compatible HP 42A Black Toner Cartridge (Q5942A),39.95,39.95,0.0,NO CHANGE,,,
MY000625,Compatible HP 42X High Capacity Black Toner Cartridge (Q5942X),35.95,35.95,0.0,NO CHANGE,,,
MY000627,Compatible HP 45A Black Toner Cartridge (Q5945A),39.95,39.95,0.0,NO CHANGE,,,
MY000628,Compatible HP 49A Black Toner Cartridge (Q5949A),18.95,18.95,0.0,NO CHANGE,,,
MY000629,Compatible HP 49X High Capacity Black Toner Cartridge (Q5949X),22.95,22.95,0.0,NO CHANGE,,,
MY001032,Remanufactured HP 502A Yellow Toner Cartridge (Q6472A),36.95,36.95,0.0,NO CHANGE,,,
MY000439,Compatible HP 11A Black Toner Cartridge (Q6511A),26.95,26.95,0.0,NO CHANGE,,,
MY000440,Compatible HP 11X High Capacity Black Toner Cartridge (Q6511X),30.95,30.95,0.0,NO CHANGE,,,
MY000645,Compatible HP 51A Black Toner Cartridge (Q7551A),28.95,28.95,0.0,NO CHANGE,,,
MY000646,Compatible HP 51X High Capacity Black Toner Cartridge (Q7551X),31.95,31.95,0.0,NO CHANGE,,,
MY000647,Compatible HP 53A Black Toner Cartridge (Q7553A),18.95,18.95,0.0,NO CHANGE,,,
MY000648,Compatible HP 53X High Capacity Black Toner Cartridge (Q7553X),22.95,22.95,0.0,NO CHANGE,,,
MY000926,Compatible Samsung SCX-D4200A Black Toner Cartridge (SCX-D4200A/ELS),22.95,22.95,0.0,NO CHANGE,,,
MY000890,Compatible Samsung CLT-K404S Black Toner Cartridge (SU100A),18.95,18.95,0.0,NO CHANGE,,,
MY000891,Compatible Samsung CLT-K406S Black Toner Cartridge (SU118A),19.95,19.95,0.0,NO CHANGE,,,
MY001073,Remanufactured Samsung CLT-K4072S Black Toner Cartridge (SU128A),28.95,28.95,0.0,NO CHANGE,,,
MY001074,Remanufactured Samsung CLT-K4092S Black Toner Cartridge (SU138A),24.95,24.95,0.0,NO CHANGE,,,
MY001075,Remanufactured Samsung CLT-K503L Black Toner Cartridge (SU147A),63.95,63.95,0.0,NO CHANGE,,,
MY000892,Compatible Samsung CLT-K504S Black Toner Cartridge (SU158A),27.95,27.95,0.0,NO CHANGE,,,
MY001076,Remanufactured Samsung CLT-K506L High Capacity Black Toner Cartridge (SU171A),37.95,37.95,0.0,NO CHANGE,,,
MY001077,Remanufactured Samsung CLT-K5082L High Capacity Black Toner Cartridge (SU188A),41.95,41.95,0.0,NO CHANGE,,,
MY000899,Compatible Samsung CLT-R406 Drum Unit (SU403A),40.95,40.95,0.0,NO CHANGE,,,
MY000900,Compatible Samsung CLT-Y404S Yellow Toner Cartridge (SU444A),18.95,18.95,0.0,NO CHANGE,,,
MY000901,Compatible Samsung CLT-Y406S Yellow Toner Cartridge (SU462A),19.95,19.95,0.0,NO CHANGE,,,
MY001083,Remanufactured Samsung CLT-Y4092S Yellow Toner Cartridge (SU482A),24.95,24.95,0.0,NO CHANGE,,,
MY001084,Remanufactured Samsung CLT-Y503L Yellow Toner Cartridge (SU491A),62.95,62.95,0.0,NO CHANGE,,,
MY000902,Compatible Samsung CLT-Y504S Yellow Toner Cartridge (SU502A),27.95,27.95,0.0,NO CHANGE,,,
MY001085,Remanufactured Samsung CLT-Y506L High Capacity Yellow Toner Cartridge (SU515A),37.95,37.95,0.0,NO CHANGE,,,
MY000904,Compatible Samsung ML-2850B High Capacity Black Toner Cartridge (SU654A),25.95,25.95,0.0,NO CHANGE,,,
MY000905,Compatible Samsung ML-D3470B High Capacity Black Toner Cartridge (SU672A),25.95,25.95,0.0,NO CHANGE,,,
MY000906,Compatible Samsung MLT-D101S High Capacity Black Toner Cartridge (SU696A),18.95,18.95,0.0,NO CHANGE,,,
MY000907,Compatible Samsung MLT-D103L High Capacity Black Toner Cartridge (SU716A),21.95,21.95,0.0,NO CHANGE,,,
MY000908,Compatible Samsung MLT-D1042S High Capacity Black Toner Cartridge (SU737A),18.95,18.95,0.0,NO CHANGE,,,
MY000909,Compatible Samsung MLT-D1052L High Capacity Black Toner Cartridge (SU758A),22.95,22.95,0.0,NO CHANGE,,,
MY000910,Compatible Samsung MLT-D1082S Black Toner Cartridge (SU781A),24.95,24.95,0.0,NO CHANGE,,,
MY000911,Compatible Samsung MLT-D1092S Black Toner Cartridge (SU790A),20.95,20.95,0.0,NO CHANGE,,,
MY000912,Compatible Samsung MLT-D111L High Capacity Black Toner Cartridge (SU799A),18.95,18.95,0.0,NO CHANGE,,,
MY000913,Compatible Samsung MLT-D111S Black Toner Cartridge (SU810A),16.95,16.95,0.0,NO CHANGE,,,
MY000914,Compatible Samsung MLT-D116L High Capacity Black Toner Cartridge (SU828A),17.95,17.95,0.0,NO CHANGE,,,
MY000915,Compatible Samsung MLT-D119S Black Toner Cartridge (SU863A),22.95,22.95,0.0,NO CHANGE,,,
MY000916,Compatible Samsung MLT-D203E Extra High Capacity Black Toner Cartridge (SU885A),26.95,26.95,0.0,NO CHANGE,,,
MY000917,Compatible Samsung MLT-D203L High Capacity Black Toner Cartridge (SU897A),22.95,22.95,0.0,NO CHANGE,,,
MY000918,Compatible Samsung MLT-D203U Ultra High Capacity Black Toner Cartridge (SU916A),26.95,26.95,0.0,NO CHANGE,,,
MY000921,Compatible Samsung MLT-D205E Extra High Capacity Black Toner Cartridge (SU951A),22.95,22.95,0.0,NO CHANGE,,,
MY000922,Compatible Samsung MLT-D205L High Capacity Black Toner Cartridge (SU963A),25.95,25.95,0.0,NO CHANGE,,,
MY000923,Compatible Samsung MLT-D2092L High Capacity Black Toner Cartridge (SV003A),26.95,26.95,0.0,NO CHANGE,,,
MY000924,Compatible Samsung MLT-D305 Black Toner Cartridge (SV048A),31.95,31.95,0.0,NO CHANGE,,,
MY001086,Remanufactured Samsung MLT-D307E Extra High Capacity Black Toner Cartridge (SV058A),50.95,50.95,0.0,NO CHANGE,,,
MY000925,Compatible Samsung MLT-R116 Drum Unit (SV134A),21.95,21.95,0.0,NO CHANGE,,,
MY001087,Remanufactured Samsung SF-D560RA Black Toner Cartridge (SV227A),29.95,29.95,0.0,NO CHANGE,,,
MY001056,Remanufactured Lexmark T650H11E High Capacity Black Toner Cartridge,73.95,73.95,0.0,NO CHANGE,,,
MY000561,Compatible HP 303XL High Capacity Black Ink Cartridge (T6N04AE),27.95,27.95,0.0,NO CHANGE,,,
MY000731,Compatible Kyocera TK-100 Black Toner Cartridge (370PU5KW),16.95,16.95,0.0,NO CHANGE,,,
MY000732,Compatible Kyocera TK-1115 Black Toner Cartridge (1T02M50NL0),15.95,15.95,0.0,NO CHANGE,,,
MY000733,Compatible Kyocera TK-1125 Black Toner Cartridge (1T02M70NL1),16.95,16.95,0.0,NO CHANGE,,,
MY000734,Compatible Kyocera TK-1130 Black Toner Cartridge (1T02MJ0NL0),16.95,16.95,0.0,NO CHANGE,,,
MY000735,Compatible Kyocera TK-1140 Black Toner Cartridge (1T02ML0NL0),16.95,16.95,0.0,NO CHANGE,,,
MY000739,Compatible Kyocera TK-120E Black Toner Cartridge (1T02G60DE0),18.95,18.95,0.0,NO CHANGE,,,
MY000740,Compatible Kyocera TK-1260 Black Toner Cartridge (1T0C150NL0),30.95,30.95,0.0,NO CHANGE,,,
MY000741,Compatible Kyocera TK-1270 Black Toner Cartridge (1T0C140NL0),30.95,30.95,0.0,NO CHANGE,,,
MY000742,Compatible Kyocera TK-130 Black Toner Cartridge (1T02HS0EU0),17.95,17.95,0.0,NO CHANGE,,,
MY000743,Compatible Kyocera TK-140 Black Toner Cartridge (1T02H50EUC),17.95,17.95,0.0,NO CHANGE,,,
MY000744,Compatible Kyocera TK-160 Black Toner Cartridge (1T02LY0NL0),17.95,17.95,0.0,NO CHANGE,,,
MY000746,Compatible Kyocera TK-170 Black Toner Cartridge (1T02LZ0NLC),17.95,17.95,0.0,NO CHANGE,,,
MY000745,Compatible Kyocera TK-17 Black Toner Cartridge (37027017),16.95,16.95,0.0,NO CHANGE,,,
MY000747,Compatible Kyocera TK-18 Black Toner Cartridge (1T02FM0EU0),17.95,17.95,0.0,NO CHANGE,,,
MY000748,Compatible Kyocera TK-3100 Black Toner Cartridge (1T02MS0NL0),19.95,19.95,0.0,NO CHANGE,,,
MY000749,Compatible Kyocera TK-3110 Black Toner Cartridge (1T02MT0NL0),19.95,19.95,0.0,NO CHANGE,,,
MY000750,Compatible Kyocera TK-3130 Black Toner Cartridge (1T02LV0NL0),22.95,22.95,0.0,NO CHANGE,,,
MY000754,Compatible Kyocera TK-340 Black Toner Cartridge (1T02J00EU0),20.95,20.95,0.0,NO CHANGE,,,
MY000758,Compatible Kyocera TK-350 Black Toner Cartridge (1T02LX0NLC),24.95,24.95,0.0,NO CHANGE,,,
MY000759,Compatible Kyocera TK-360 Black Toner Cartridge (1T02J20EU0),30.95,30.95,0.0,NO CHANGE,,,
MY000760,Compatible Kyocera TK-475 Black Toner Cartridge (1T02K30NL0),26.95,26.95,0.0,NO CHANGE,,,
MY000808,Compatible Kyocera TK-5430K Black Toner Cartridge (1T0C0A0NL1),15.95,15.95,0.0,NO CHANGE,,,
MY000810,Compatible Kyocera TK-5430Y Yellow Toner Cartridge (1T0C0AANL1),15.95,15.95,0.0,NO CHANGE,,,
MY000813,Compatible Kyocera TK-5440K High Capacity Black Toner Cartridge (1T0C0A0NL0),19.95,19.95,0.0,NO CHANGE,,,
MY000815,Compatible Kyocera TK-5440Y High Capacity Yellow Toner Cartridge (1T0C0AANL0),19.95,19.95,0.0,NO CHANGE,,,
MY000831,Compatible Kyocera TK-560K Black Toner Cartridge (1T02HN0EU0),38.95,38.95,0.0,NO CHANGE,,,
MY000835,Compatible Kyocera TK-580K Black Toner Cartridge (1T02KT0NL0),21.95,21.95,0.0,NO CHANGE,,,
MY000837,Compatible Kyocera TK-580Y Yellow Toner Cartridge (1T02KTANL0),20.95,20.95,0.0,NO CHANGE,,,
MY000843,Compatible Kyocera TK-7105 Black Toner Cartridge (1T02P80NL0),47.95,47.95,0.0,NO CHANGE,,,
MY000844,Compatible Kyocera TK-715 Black Toner Cartridge (1T02GR0EU0),60.95,60.95,0.0,NO CHANGE,,,
MY000054,Compatible Brother TN-1050 Extra High Capacity Black Toner Cartridge (TN1050XL),16.95,16.95,0.0,NO CHANGE,,,
MY000053,Compatible Brother TN-1050 Black Toner Cartridge (TN1050),15.95,15.95,0.0,NO CHANGE,,,
MY000055,Compatible Brother TN-1150 Black Toner Cartridge (TN1150),21.95,21.95,0.0,NO CHANGE,,,
MY000056,Compatible Brother TN-2000 Black Toner Cartridge (TN2000),16.95,16.95,0.0,NO CHANGE,,,
MY000057,Compatible Brother TN-2005 Black Toner Cartridge (TN2005),16.95,16.95,0.0,NO CHANGE,,,
MY000058,Compatible Brother TN-2010 Black Toner Cartridge (TN2010),15.95,15.95,0.0,NO CHANGE,,,
MY000060,Compatible Brother TN-2120 Extra High Capacity Black Toner Cartridge (TN2120XXL),18.95,18.95,0.0,NO CHANGE,,,
MY000059,Compatible Brother TN-2120 High Capacity Black Toner Cartridge (TN2120),17.95,17.95,0.0,NO CHANGE,,,
MY000716,Compatible Konica Minolta TN221K Black Toner Cartridge (A8K3150),42.95,42.95,0.0,NO CHANGE,,,
MY000714,Compatible Konica Minolta TN-221Y Yellow Toner Cartridge (A8K3250),58.95,58.95,0.0,NO CHANGE,,,
MY000062,Compatible Brother TN-2220 Extra High Capacity Black Toner Cartridge (TN2220XXL),16.95,16.95,0.0,NO CHANGE,,,
MY000063,Compatible Brother TN-2220 Super High Capacity Black Toner Cartridge (TN2220XXXL),17.95,17.95,0.0,NO CHANGE,,,
MY000061,Compatible Brother TN-2220 High Capacity Black Toner Cartridge (TN2220),15.95,15.95,0.0,NO CHANGE,,,
MY000065,Compatible Brother TN-230BK Black Toner Cartridge (TN230BK),17.95,17.95,0.0,NO CHANGE,,,
MY000068,Compatible Brother TN-230Y Yellow Toner Cartridge (TN230Y),17.95,17.95,0.0,NO CHANGE,,,
MY000070,Compatible Brother TN-2320 Extra High Capacity Black Toner Cartridge (TN2320XXL),16.95,16.95,0.0,NO CHANGE,,,
MY000071,Compatible Brother TN-2320 Super High Capacity Black Toner Cartridge (TN2320XXXL),21.95,21.95,0.0,NO CHANGE,,,
MY000069,Compatible Brother TN-2320 High Capacity Black Toner Cartridge (TN2320),15.95,15.95,0.0,NO CHANGE,,,
MY000074,Compatible Brother TN-241BK Black Toner Cartridge (TN241BK),16.95,16.95,0.0,NO CHANGE,,,
MY000079,Compatible Brother TN-2420 Extra High Capacity Black Toner Cartridge (TN2420XXL),17.95,17.95,0.0,NO CHANGE,,,
MY000078,Compatible Brother TN-2420 High Capacity Black Toner Cartridge (TN2420),15.95,15.95,0.0,NO CHANGE,,,
MY000081,Compatible Brother TN-243BK Black Toner Cartridge (TN243BK),17.95,17.95,0.0,NO CHANGE,,,
MY000084,Compatible Brother TN-243Y Yellow Toner Cartridge (TN243Y),17.95,17.95,0.0,NO CHANGE,,,
MY000087,Compatible Brother TN-245Y High Capacity Yellow Toner Cartridge (TN245Y),16.95,16.95,0.0,NO CHANGE,,,
MY000178,Compatible Brother TN246Y Yellow Toner Cartridge,16.95,16.95,0.0,NO CHANGE,,,
MY000089,Compatible Brother TN-247BK High Capacity Black Toner Cartridge (TN247BK),16.95,16.95,0.0,NO CHANGE,,,
MY000092,Compatible Brother TN-247Y High Capacity Yellow Toner Cartridge (TN247Y),16.95,16.95,0.0,NO CHANGE,,,
MY000094,Compatible Brother TN-248BK Black Toner Cartridge (TN248BK),18.95,18.95,0.0,NO CHANGE,,,
MY000098,Compatible Brother TN-248XLBK High Capacity Black Toner Cartridge (TN248XLBK),26.95,26.95,0.0,NO CHANGE,,,
MY000101,Compatible Brother TN-248XLY High Capacity Yellow Toner Cartridge (TN248XLY),26.95,26.95,0.0,NO CHANGE,,,
MY000102,Compatible Brother TN-248Y Yellow Toner Cartridge (TN248Y),18.95,18.95,0.0,NO CHANGE,,,
MY000104,Compatible Brother TN-249BK Extra High Capacity Black Toner Cartridge (TN249BK),26.95,26.95,0.0,NO CHANGE,,,
MY000107,Compatible Brother TN-249Y Extra High Capacity Yellow Toner Cartridge (TN249Y),26.95,26.95,0.0,NO CHANGE,,,
MY000108,Compatible Brother TN-2510 Black Toner Cartridge (TN2510),23.95,23.95,0.0,NO CHANGE,,,
MY000109,Compatible Brother TN-2510XL High Capacity Black Toner Cartridge (TN2510XL),26.95,26.95,0.0,NO CHANGE,,,
MY000110,Compatible Brother TN-2510XXL Extra High Capacity Black Toner Cartridge (TN2510XXL),28.95,28.95,0.0,NO CHANGE,,,
MY000111,Compatible Brother TN-3030 Black Toner Cartridge (TN3030),18.95,18.95,0.0,NO CHANGE,,,
MY000113,Compatible Brother TN-3060 Extra High Capacity Black Toner Cartridge (TN3060XXL),24.95,24.95,0.0,NO CHANGE,,,
MY000112,Compatible Brother TN-3060 High Capacity Black Toner Cartridge (TN3060),18.95,18.95,0.0,NO CHANGE,,,
MY000115,Compatible Brother TN-3170 Extra High Capacity Black Toner Cartridge (TN3170XXL),24.95,24.95,0.0,NO CHANGE,,,
MY000114,Compatible Brother TN-3170 High Capacity Black Toner Cartridge (TN3170),18.95,18.95,0.0,NO CHANGE,,,
MY000117,Compatible Brother TN-321BK Black Toner Cartridge (TN321BK),17.95,17.95,0.0,NO CHANGE,,,
MY000120,Compatible Brother TN-321Y Yellow Toner Cartridge (TN321Y),17.95,17.95,0.0,NO CHANGE,,,
MY000122,Compatible Brother TN-325BK High Capacity Black Toner Cartridge (TN325BK),18.95,18.95,0.0,NO CHANGE,,,
MY000125,Compatible Brother TN-325Y High Capacity Yellow Toner Cartridge (TN325Y),18.95,18.95,0.0,NO CHANGE,,,
MY000127,Compatible Brother TN-326BK High Capacity Black Toner Cartridge (TN326BK),18.95,18.95,0.0,NO CHANGE,,,
MY000130,Compatible Brother TN-326Y High Capacity Yellow Toner Cartridge (TN326Y),18.95,18.95,0.0,NO CHANGE,,,
MY000133,Compatible Brother TN-3280 Extra High Capacity Black Toner Cartridge (TN3280XXL),24.95,24.95,0.0,NO CHANGE,,,
MY000132,Compatible Brother TN-3280 High Capacity Black Toner Cartridge (TN3280),18.95,18.95,0.0,NO CHANGE,,,
MY000134,Compatible Brother TN-328BK Extra High Capacity Black Toner Cartridge (TN328BK),19.95,19.95,0.0,NO CHANGE,,,
MY000137,Compatible Brother TN-328Y Extra High Capacity Yellow Toner Cartridge (TN328Y),21.95,21.95,0.0,NO CHANGE,,,
MY000139,Compatible Brother TN-329BK Extra High Capacity Black Toner Cartridge (TN329BK),19.95,19.95,0.0,NO CHANGE,,,
MY000142,Compatible Brother TN-329Y Extra High Capacity Yellow Toner Cartridge (TN329Y),21.95,21.95,0.0,NO CHANGE,,,
MY000143,Compatible Brother TN-3380 High Capacity Black Toner Cartridge (TN3380),18.95,18.95,0.0,NO CHANGE,,,
MY000144,Compatible Brother TN-3390 Extra High Capacity Black Toner Cartridge (TN3390),19.95,19.95,0.0,NO CHANGE,,,
MY000145,Compatible Brother TN-3480 High Capacity Black Toner Cartridge (TN3480),17.95,17.95,0.0,NO CHANGE,,,
MY000146,Compatible Brother TN-3512 Extra High Capacity Black Toner Cartridge (TN3512),18.95,18.95,0.0,NO CHANGE,,,
MY000147,Compatible Brother TN-3520 Ultra High Capacity Black Toner Cartridge (TN3520),22.95,22.95,0.0,NO CHANGE,,,
MY000148,Compatible Brother TN-3600 Black Toner Cartridge (TN3600),30.95,30.95,0.0,NO CHANGE,,,
MY000149,Compatible Brother TN-3600XL High Capacity Black Toner Cartridge (TN3600XL),33.95,33.95,0.0,NO CHANGE,,,
MY000150,Compatible Brother TN-3600XXL Extra High Capacity Black Toner Cartridge (TN3600XXL),37.95,37.95,0.0,NO CHANGE,,,
MY000151,Compatible Brother TN-3610 Extra High Capacity Black Toner Cartridge (TN3610),37.95,37.95,0.0,NO CHANGE,,,
MY000152,Compatible Brother TN-3610XL Ultra High Capacity Black Toner Cartridge (TN3610XL),39.95,39.95,0.0,NO CHANGE,,,
MY000180,Compatible Brother TN421BK Black Toner Cartridge,17.95,17.95,0.0,NO CHANGE,,,
MY000183,Compatible Brother TN421Y Yellow Toner Cartridge,17.95,17.95,0.0,NO CHANGE,,,
MY000185,Compatible Brother TN423BK High Capacity Black Toner Cartridge,17.95,17.95,0.0,NO CHANGE,,,
MY000188,Compatible Brother TN423Y High Capacity Yellow Toner Cartridge,18.95,18.95,0.0,NO CHANGE,,,
MY000190,Compatible Brother TN426BK Extra High Capacity Black Toner Cartridge,21.95,21.95,0.0,NO CHANGE,,,
MY000193,Compatible Brother TN426Y Extra High Capacity Yellow Toner Cartridge,21.95,21.95,0.0,NO CHANGE,,,
MY000154,Compatible Brother TN-625BK Black Toner Cartridge (TN625BK),46.95,46.95,0.0,NO CHANGE,,,
MY000158,Compatible Brother TN-625XLBK High Capacity Black Toner Cartridge (TN625XLBK),57.95,57.95,0.0,NO CHANGE,,,
MY000161,Compatible Brother TN-625XLY High Capacity Yellow Toner Cartridge (TN625XLY),60.95,60.95,0.0,NO CHANGE,,,
MY000163,Compatible Brother TN-625XXLBK Extra High Capacity Black Toner Cartridge (TN625XXLBK),58.95,58.95,0.0,NO CHANGE,,,
MY000166,Compatible Brother TN-625XXLY Extra High Capacity Yellow Toner Cartridge (TN625XXLY),61.95,61.95,0.0,NO CHANGE,,,
MY000167,Compatible Brother TN-625Y Yellow Toner Cartridge (TN625Y),46.95,46.95,0.0,NO CHANGE,,,
MY000168,Compatible Brother TN-7300 Black Toner Cartridge (TN7300),18.95,18.95,0.0,NO CHANGE,,,
MY000170,Compatible Brother TN-7600 Extra High Capacity Black Toner Cartridge (TN7600XXL),24.95,24.95,0.0,NO CHANGE,,,
MY000169,Compatible Brother TN-7600 High Capacity Black Toner Cartridge (TN7600),18.95,18.95,0.0,NO CHANGE,,,
MY000195,Compatible Brother TN821XLBK High Capacity Black Toner Cartridge,37.95,37.95,0.0,NO CHANGE,,,
MY000198,Compatible Brother TN821XLY High Capacity Yellow Toner Cartridge,37.95,37.95,0.0,NO CHANGE,,,
MY000200,Compatible Brother TN821XXLBK Extra High Capacity Black Toner Cartridge,38.95,38.95,0.0,NO CHANGE,,,
MY000203,Compatible Brother TN821XXLY Extra High Capacity Yellow Toner Cartridge,40.95,40.95,0.0,NO CHANGE,,,
MY000172,Compatible Brother TN-900BK Extra High Capacity Black Toner Cartridge (TN900BK),19.95,19.95,0.0,NO CHANGE,,,
MY000175,Compatible Brother TN-900Y Extra High Capacity Yellow Toner Cartridge (TN900Y),21.95,21.95,0.0,NO CHANGE,,,
MY000205,Compatible Brother TN910BK Black Toner Cartridge,22.95,22.95,0.0,NO CHANGE,,,
MY000208,Compatible Brother TN910Y Yellow Toner Cartridge,24.95,24.95,0.0,NO CHANGE,,,
MY000426,Compatible HP 103A Black Toner Cartridge (W1103A),17.95,17.95,0.0,NO CHANGE,,,
MY000428,Compatible HP 106A High Capacity Black Toner Cartridge (W1106AXL),18.95,18.95,0.0,NO CHANGE,,,
MY000427,Compatible HP 106A Black Toner Cartridge (W1106A),17.95,17.95,0.0,NO CHANGE,,,
MY000441,Compatible HP 120A Imaging Drum Unit (W1120A),52.95,52.95,0.0,NO CHANGE,,,
MY000467,Compatible HP 143A Black Toner Reload Kit (W1143A),17.95,17.95,0.0,NO CHANGE,,,
MY001028,Remanufactured HP 331A Black Toner Cartridge (W1331A),33.95,33.95,0.0,NO CHANGE,,,
MY000459,Compatible HP 135A Black Toner Cartridge (W1350A),25.95,25.95,0.0,NO CHANGE,,,
MY000460,Compatible HP 135X High Capacity Black Toner Cartridge (W1350X),29.95,29.95,0.0,NO CHANGE,,,
MY000461,Compatible HP 139A Black Toner Cartridge (W1390A),26.95,26.95,0.0,NO CHANGE,,,
MY000462,Compatible HP 139X High Capacity Black Toner Cartridge (W1390X),37.95,37.95,0.0,NO CHANGE,,,
MY000465,Compatible HP 142A Black Toner Cartridge (W1420A),25.95,25.95,0.0,NO CHANGE,,,
MY000466,Compatible HP 142A High Capacity Black Toner Cartridge (W1420AXL),31.95,31.95,0.0,NO CHANGE,,,
MY000468,Compatible HP 147A Black Toner Cartridge (W1470A),68.95,68.95,0.0,NO CHANGE,,,
MY000469,Compatible HP 147X High Capacity Black Toner Cartridge (W1470X),95.95,95.95,0.0,NO CHANGE,,,
MY000470,Compatible HP 147X Extra High Capacity Black Toner Cartridge (W1470XX),95.95,95.95,0.0,NO CHANGE,,,
MY000471,Compatible HP 149A Black Toner Cartridge (W1490A),35.95,35.95,0.0,NO CHANGE,,,
MY000472,Compatible HP 149X High Capacity Black Toner Cartridge (W1490X),37.95,37.95,0.0,NO CHANGE,,,
MY000614,Compatible HP 415A Black Toner Cartridge (W2030A),24.95,24.95,0.0,NO CHANGE,,,
MY000619,Compatible HP 415X High Capacity Black Toner Cartridge (W2030X),32.95,32.95,0.0,NO CHANGE,,,
MY000618,Compatible HP 415A Yellow Toner Cartridge (W2032A),24.95,24.95,0.0,NO CHANGE,,,
MY000623,Compatible HP 415X High Capacity Yellow Toner Cartridge (W2032X),32.95,32.95,0.0,NO CHANGE,,,
MY000430,Compatible HP 117A High Capacity Black Toner Cartridge (W2070AXL),23.95,23.95,0.0,NO CHANGE,,,
MY000429,Compatible HP 117A Black Toner Cartridge (W2070A),17.95,17.95,0.0,NO CHANGE,,,
MY000437,Compatible HP 117A High Capacity Yellow Toner Cartridge (W2072AXL),24.95,24.95,0.0,NO CHANGE,,,
MY000436,Compatible HP 117A Yellow Toner Cartridge (W2072A),17.95,17.95,0.0,NO CHANGE,,,
MY000512,Compatible HP 212A Black Toner Cartridge (W2120A),49.95,49.95,0.0,NO CHANGE,,,
MY000517,Compatible HP 212X High Capacity Black Toner Cartridge (W2120X),55.95,55.95,0.0,NO CHANGE,,,
MY000516,Compatible HP 212A Yellow Toner Cartridge (W2122A),51.95,51.95,0.0,NO CHANGE,,,
MY000521,Compatible HP 212X High Capacity Yellow Toner Cartridge (W2122X),55.95,55.95,0.0,NO CHANGE,,,
MY000522,Compatible HP 213X High Capacity Black Toner Cartridge (W2130X),93.95,93.95,0.0,NO CHANGE,,,
MY000526,Compatible HP 213X High Capacity Yellow Toner Cartridge (W2132X),99.95,99.95,0.0,NO CHANGE,,,
MY000532,Compatible HP 219A Black Toner Cartridge (W2190A),53.95,53.95,0.0,NO CHANGE,,,
MY000537,Compatible HP 219X High Capacity Black Toner Cartridge (W2190X),60.95,60.95,0.0,NO CHANGE,,,
MY000536,Compatible HP 219A Yellow Toner Cartridge (W2192A),53.95,53.95,0.0,NO CHANGE,,,
MY000541,Compatible HP 219X High Capacity Yellow Toner Cartridge (W2192X),60.95,60.95,0.0,NO CHANGE,,,
MY000542,Compatible HP 220A Black Toner Cartridge (W2200A),37.95,37.95,0.0,NO CHANGE,,,
MY000547,Compatible HP 220X High Capacity Black Toner Cartridge (W2200X),40.95,40.95,0.0,NO CHANGE,,,
MY000546,Compatible HP 220A Yellow Toner Cartridge (W2202A),37.95,37.95,0.0,NO CHANGE,,,
MY000551,Compatible HP 220X High Capacity Yellow Toner Cartridge (W2202X),40.95,40.95,0.0,NO CHANGE,,,
MY000502,Compatible HP 207A Black Toner Cartridge (W2210A),26.95,26.95,0.0,NO CHANGE,,,
MY000507,Compatible HP 207X High Capacity Black Toner Cartridge (W2210X),32.95,32.95,0.0,NO CHANGE,,,
MY000506,Compatible HP 207A Yellow Toner Cartridge (W2212A),26.95,26.95,0.0,NO CHANGE,,,
MY000511,Compatible HP 207X High Capacity Yellow Toner Cartridge (W2212X),32.95,32.95,0.0,NO CHANGE,,,
MY000527,Compatible HP 216A Black Toner Cartridge (W2410A),22.95,22.95,0.0,NO CHANGE,,,
MY000531,Compatible HP 216A Yellow Toner Cartridge (W2412A),22.95,22.95,0.0,NO CHANGE,,,
MY001057,Remanufactured Lexmark X264H11G High Capacity Black Toner Cartridge,46.95,46.95,0.0,NO CHANGE,,,
MY000075,Compatible Brother TN-241C Cyan Toner Cartridge (TN241C),15.95,15.95,0.0,NO CHANGE,,,
MY000076,Compatible Brother TN-241M Magenta Toner Cartridge (TN241M),15.95,15.95,0.0,NO CHANGE,,,
MY000707,Compatible HP 937 Cyan Ink Cartridge (4S6W2NE),67.95,67.95,0.0,NO CHANGE,,,
MY000708,Compatible HP 937 Magenta Ink Cartridge (4S6W3NE),67.95,67.95,0.0,NO CHANGE,,,
MY001000,Compatible Xerox 6R01515 Magenta Toner Cartridge (006R01515),31.95,31.95,0.0,NO CHANGE,,,
MY001001,Compatible Xerox 6R01516 Cyan Toner Cartridge (006R01516),31.95,31.95,0.0,NO CHANGE,,,
MY000929,Compatible Xerox 006R04365 High Capacity Cyan Toner Cartridge,37.95,37.95,0.0,NO CHANGE,,,
MY000930,Compatible Xerox 006R04366 High Capacity Magenta Toner Cartridge,37.95,37.95,0.0,NO CHANGE,,,
MY000934,Compatible Xerox 006R04392 High Capacity Cyan Toner Cartridge,99.95,99.95,0.0,NO CHANGE,,,
MY000935,Compatible Xerox 006R04393 High Capacity Magenta Toner Cartridge,99.95,99.95,0.0,NO CHANGE,,,
MY001003,Remanufactured Canon 040 Magenta Toner Cartridge (0456C001),39.95,39.95,0.0,NO CHANGE,,,
MY000214,Compatible Canon 040H High Capacity Magenta Toner Cartridge (0457C001),35.95,35.95,0.0,NO CHANGE,,,
MY001002,Remanufactured Canon 040 Cyan Toner Cartridge (0458C001),39.95,39.95,0.0,NO CHANGE,,,
MY000213,Compatible Canon 040H High Capacity Cyan Toner Cartridge (0459C001),35.95,35.95,0.0,NO CHANGE,,,
MY000939,Compatible Xerox 106R01161 High Capacity Magenta Toner Cartridge,52.95,52.95,0.0,NO CHANGE,,,
MY000943,Compatible Xerox 106R01331 Cyan Toner Cartridge,16.95,16.95,0.0,NO CHANGE,,,
MY000944,Compatible Xerox 106R01332 Magenta Toner Cartridge,16.95,16.95,0.0,NO CHANGE,,,
MY000951,Compatible Xerox 106R01452 Cyan Toner Cartridge,14.95,14.95,0.0,NO CHANGE,,,
MY000952,Compatible Xerox 106R01453 Magenta Toner Cartridge,14.95,14.95,0.0,NO CHANGE,,,
MY000955,Compatible Xerox 106R01477 Cyan Toner Cartridge,15.95,15.95,0.0,NO CHANGE,,,
MY000956,Compatible Xerox 106R01478 Magenta Toner Cartridge,15.95,15.95,0.0,NO CHANGE,,,
MY000961,Compatible Xerox 106R01594 High Capacity Cyan Toner Cartridge,16.95,16.95,0.0,NO CHANGE,,,
MY000962,Compatible Xerox 106R01595 High Capacity Magenta Toner Cartridge,16.95,16.95,0.0,NO CHANGE,,,
MY000966,Compatible Xerox 106R01627 Cyan Toner Cartridge,15.95,15.95,0.0,NO CHANGE,,,
MY000967,Compatible Xerox 106R01628 Magenta Toner Cartridge,15.95,15.95,0.0,NO CHANGE,,,
MY000971,Compatible Xerox 106R02229 High Capacity Cyan Toner Cartridge,19.95,19.95,0.0,NO CHANGE,,,
MY000972,Compatible Xerox 106R02230 High Capacity Magenta Toner Cartridge,19.95,19.95,0.0,NO CHANGE,,,
MY000979,Compatible Xerox 106R02756 Cyan Toner Cartridge,15.95,15.95,0.0,NO CHANGE,,,
MY000980,Compatible Xerox 106R02757 Magenta Toner Cartridge,15.95,15.95,0.0,NO CHANGE,,,
MY000985,Compatible Xerox 106R03473 Cyan Toner Cartridge,16.95,16.95,0.0,NO CHANGE,,,
MY000986,Compatible Xerox 106R03474 Magenta Toner Cartridge,16.95,16.95,0.0,NO CHANGE,,,
MY000992,Compatible Xerox 106R03690 Extra High Capacity Cyan Toner Cartridge,16.95,16.95,0.0,NO CHANGE,,,
MY000993,Compatible Xerox 106R03691 Extra High Capacity Magenta Toner Cartridge,16.95,16.95,0.0,NO CHANGE,,,
MY001089,Remanufactured Xerox 113R00723 High Capacity Cyan Toner Cartridge,43.95,43.95,0.0,NO CHANGE,,,
MY001090,Remanufactured Xerox 113R00724 High Capacity Magenta Toner Cartridge,43.95,43.95,0.0,NO CHANGE,,,
MY000223,Compatible Canon 045M Magenta Toner Cartridge (1240C002),20.95,20.95,0.0,NO CHANGE,,,
MY000221,Compatible Canon 045H-M High Capacity Magenta Toner Cartridge (1244C002),18.95,18.95,0.0,NO CHANGE,,,
MY000219,Compatible Canon 045H-C High Capacity Cyan Toner Cartridge (1245C002),18.95,18.95,0.0,NO CHANGE,,,
MY000228,Compatible Canon 046-M Magenta Toner Cartridge (1248C002),18.95,18.95,0.0,NO CHANGE,,,
MY000226,Compatible Canon 046-C Cyan Toner Cartridge (1249C002),18.95,18.95,0.0,NO CHANGE,,,
MY000233,Compatible Canon 046H-M High Capacity Magenta Toner Cartridge (1252C002),25.95,25.95,0.0,NO CHANGE,,,
MY000231,Compatible Canon 046H-C High Capacity Cyan Toner Cartridge (1253C002),25.95,25.95,0.0,NO CHANGE,,,
MY000310,Compatible Canon 716 Magenta Toner Cartridge (1978B002AA),20.95,20.95,0.0,NO CHANGE,,,
MY000309,Compatible Canon 716 Cyan Toner Cartridge (1979B002AA),20.95,20.95,0.0,NO CHANGE,,,
MY000841,Compatible Kyocera TK-590M Magenta Toner Cartridge (1T02KVBNL0),23.95,23.95,0.0,NO CHANGE,,,
MY000764,Compatible Kyocera TK-5140M Magenta Toner Cartridge (1T02NRBNL0),22.95,22.95,0.0,NO CHANGE,,,
MY000762,Compatible Kyocera TK-5140C Cyan Toner Cartridge (1T02NRCNL0),22.95,22.95,0.0,NO CHANGE,,,
MY000848,Compatible Kyocera TK5150M Magenta Toner Cartridge (1T02NSBNL0),28.95,28.95,0.0,NO CHANGE,,,
MY000846,Compatible Kyocera TK5150C Cyan Toner Cartridge (1T02NSCNL0),28.95,28.95,0.0,NO CHANGE,,,
MY000769,Compatible Kyocera TK-5160M Magenta Toner Cartridge (1T02NTBNL0),27.95,27.95,0.0,NO CHANGE,,,
MY000767,Compatible Kyocera TK-5160C Cyan Toner Cartridge (1T02NTCNL0),27.95,27.95,0.0,NO CHANGE,,,
MY000784,Compatible Kyocera TK-5240M Magenta Toner Cartridge (1T02R7BNL0),16.95,16.95,0.0,NO CHANGE,,,
MY000782,Compatible Kyocera TK-5240C Cyan Toner Cartridge (1T02R7CNL0),16.95,16.95,0.0,NO CHANGE,,,
MY000779,Compatible Kyocera TK-5230M Magenta Toner Cartridge (1T02R9BNL0),16.95,16.95,0.0,NO CHANGE,,,
MY000774,Compatible Kyocera TK-5220M Magenta Toner Cartridge (1T02R9BNL1),15.95,15.95,0.0,NO CHANGE,,,
MY000777,Compatible Kyocera TK-5230C Cyan Toner Cartridge (1T02R9CNL0),16.95,16.95,0.0,NO CHANGE,,,
MY000772,Compatible Kyocera TK-5220C Cyan Toner Cartridge (1T02R9CNL1),15.95,15.95,0.0,NO CHANGE,,,
MY000789,Compatible Kyocera TK-5270M Magenta Toner Cartridge (1T02TVBNL0),22.95,22.95,0.0,NO CHANGE,,,
MY000787,Compatible Kyocera TK-5270C Cyan Toner Cartridge (1T02TVCNL0),22.95,22.95,0.0,NO CHANGE,,,
MY000794,Compatible Kyocera TK-5280M Magenta Toner Cartridge (1T02TWBNL0),29.95,29.95,0.0,NO CHANGE,,,
MY000792,Compatible Kyocera TK-5280C Cyan Toner Cartridge (1T02TWCNL0),29.95,29.95,0.0,NO CHANGE,,,
MY000799,Compatible Kyocera TK-5370M Magenta Toner Cartridge (1T02YJBNL0),31.95,31.95,0.0,NO CHANGE,,,
MY000797,Compatible Kyocera TK-5370C Cyan Toner Cartridge (1T02YJCNL0),31.95,31.95,0.0,NO CHANGE,,,
MY000804,Compatible Kyocera TK-5380M Magenta Toner Cartridge (1T02Z0BNL0),41.95,41.95,0.0,NO CHANGE,,,
MY000802,Compatible Kyocera TK-5380C Cyan Toner Cartridge (1T02Z0CNL0),41.95,41.95,0.0,NO CHANGE,,,
MY000819,Compatible Kyocera TK-5450M Magenta Toner Cartridge (1T0C0DBNL0),35.95,35.95,0.0,NO CHANGE,,,
MY000817,Compatible Kyocera TK-5450C Cyan Toner Cartridge (1T0C0DCNL0),35.95,35.95,0.0,NO CHANGE,,,
MY000824,Compatible Kyocera TK-5480M Magenta Toner Cartridge (1T0C22BNL0),21.95,21.95,0.0,NO CHANGE,,,
MY000829,Compatible Kyocera TK-5490M High Capacity Magenta Toner Cartridge (1T0C22BNL1),22.95,22.95,0.0,NO CHANGE,,,
MY000822,Compatible Kyocera TK-5480C Cyan Toner Cartridge (1T0C22CNL0),21.95,21.95,0.0,NO CHANGE,,,
MY000827,Compatible Kyocera TK-5490C High Capacity Cyan Toner Cartridge (1T0C22CNL1),22.95,22.95,0.0,NO CHANGE,,,
MY000839,Compatible Kyocera TK-590C Cyan Toner Cartridge (1TO2KVCNLO),23.95,23.95,0.0,NO CHANGE,,,
MY000315,Compatible Canon 718 Magenta Toner Cartridge (2660B002AA),19.95,19.95,0.0,NO CHANGE,,,
MY000314,Compatible Canon 718 Cyan Toner Cartridge (2661B002AA),19.95,19.95,0.0,NO CHANGE,,,
MY000335,Compatible Canon CL-511 Colour Ink Cartridge (2972B001),23.95,23.95,0.0,NO CHANGE,,,
MY000252,Compatible Canon 055 Magenta Toner Cartridge (3014C002),41.95,41.95,0.0,NO CHANGE,,,
MY000251,Compatible Canon 055 Cyan Toner Cartridge (3015C002),30.95,30.95,0.0,NO CHANGE,,,
MY000257,Compatible Canon 055H High Capacity Magenta Toner Cartridge (3018C002),33.95,33.95,0.0,NO CHANGE,,,
MY000256,Compatible Canon 055H High Capacity Cyan Toner Cartridge (3019C002),33.95,33.95,0.0,NO CHANGE,,,
MY000242,Compatible Canon 054 Magenta Toner Cartridge (3022C002),18.95,18.95,0.0,NO CHANGE,,,
MY000241,Compatible Canon 054 Cyan Toner Cartridge (3023C002),18.95,18.95,0.0,NO CHANGE,,,
MY000247,Compatible Canon 054H High Capacity Magenta Toner Cartridge (3026C002),18.95,18.95,0.0,NO CHANGE,,,
MY000246,Compatible Canon 054H High Capacity Cyan Toner Cartridge (3027C002),18.95,18.95,0.0,NO CHANGE,,,
MY000338,Compatible Canon CL-561XL Colour High Capacity Ink Cartridge (3730C001),29.95,29.95,0.0,NO CHANGE,,,
MY000579,Compatible HP 305XL Colour High Capacity Ink Cartridge (3YM63AE),24.95,24.95,0.0,NO CHANGE,,,
MY001059,Remanufactured OKI 43324423 Cyan Toner Cartridge,24.95,24.95,0.0,NO CHANGE,,,
MY001060,Remanufactured OKI 43865723 Cyan Toner Cartridge,25.95,25.95,0.0,NO CHANGE,,,
MY000857,Compatible OKI 44469705 Magenta Toner Cartridge,17.95,17.95,0.0,NO CHANGE,,,
MY000858,Compatible OKI 44469706 Cyan Toner Cartridge,17.95,17.95,0.0,NO CHANGE,,,
MY000860,Compatible OKI 44469723 High Capacity Magenta Toner Cartridge,16.95,16.95,0.0,NO CHANGE,,,
MY000861,Compatible OKI 44469724 High Capacity Cyan Toner Cartridge,16.95,16.95,0.0,NO CHANGE,,,
MY001063,Remanufactured OKI 44643002 Magenta Toner Cartridge,40.95,40.95,0.0,NO CHANGE,,,
MY001064,Remanufactured OKI 44643003 Cyan Toner Cartridge,40.95,40.95,0.0,NO CHANGE,,,
MY000868,Compatible OKI 44973534 Magenta Toner Cartridge,17.95,17.95,0.0,NO CHANGE,,,
MY000869,Compatible OKI 44973535 Cyan Toner Cartridge,17.95,17.95,0.0,NO CHANGE,,,
MY000876,Compatible Oki 46490606 High Capacity Magenta Toner Cartridge,26.95,26.95,0.0,NO CHANGE,,,
MY000877,Compatible Oki 46490607 High Capacity Cyan Toner Cartridge,26.95,26.95,0.0,NO CHANGE,,,
MY000881,Compatible Oki 46508710 High Capacity Magenta Toner Cartridge,23.95,23.95,0.0,NO CHANGE,,,
MY000882,Compatible Oki 46508711 High Capacity Cyan Toner Cartridge,23.95,23.95,0.0,NO CHANGE,,,
MY000281,Compatible Canon 069M Magenta Toner Cartridge (5092C002),41.95,41.95,0.0,NO CHANGE,,,
MY000275,Compatible Canon 069C Cyan Toner Cartridge (5093C002),41.95,41.95,0.0,NO CHANGE,,,
MY000279,Compatible Canon 069HM High Capacity Magenta Toner Cartridge (5096C002),36.95,36.95,0.0,NO CHANGE,,,
MY000278,Compatible Canon 069HC High Capacity Cyan Toner Cartridge (5097C002),36.95,36.95,0.0,NO CHANGE,,,
MY000271,Compatible Canon 067M Magenta Toner Cartridge (5100C002),24.95,24.95,0.0,NO CHANGE,,,
MY000265,Compatible Canon 067C Cyan Toner Cartridge (5101C002),24.95,24.95,0.0,NO CHANGE,,,
MY000269,Compatible Canon 067HM High Capacity Magenta Toner Cartridge (5104C002),28.95,28.95,0.0,NO CHANGE,,,
MY000268,Compatible Canon 067HC High Capacity Cyan Toner Cartridge (5105C002),28.95,28.95,0.0,NO CHANGE,,,
MY000336,Compatible Canon CL-541XL Colour High Capacity Ink Cartridge (5226B005AA / 5226B004 / 5226B001),27.95,27.95,0.0,NO CHANGE,,,
MY000339,Compatible Canon CL-576XL Colour High Capacity Ink Cartridge (5441C001),31.95,31.95,0.0,NO CHANGE,,,
MY001008,Remanufactured Dell MW566 High Capacity Magenta Toner Cartridge (593-10172),45.95,45.95,0.0,NO CHANGE,,,
MY000398,Compatible Dell KU051 High Capacity Cyan Toner Cartridge (593-10259),16.95,16.95,0.0,NO CHANGE,,,
MY000406,Compatible Dell WM138 High Capacity Magenta Toner Cartridge (593-10261),16.95,16.95,0.0,NO CHANGE,,,
MY001005,Remanufactured Dell H513C High Capacity Cyan Toner Cartridge (593-10290),47.95,47.95,0.0,NO CHANGE,,,
MY001006,Remanufactured Dell H514C High Capacity Magenta Toner Cartridge (593-10292),47.95,47.95,0.0,NO CHANGE,,,
MY000393,Compatible Dell FM067 High Capacity Magenta Toner Cartridge (593-10315),16.95,16.95,0.0,NO CHANGE,,,
MY000400,Compatible Dell P946P High Capacity Magenta Toner Cartridge (593-10923),30.95,30.95,0.0,NO CHANGE,,,
MY000355,Compatible Dell 2Y3CM High Capacity Magenta Toner Cartridge (593-11033),15.95,15.95,0.0,NO CHANGE,,,
MY000404,Compatible Dell THKJ8 High Capacity Cyan Toner Cartridge (593-11041),15.95,15.95,0.0,NO CHANGE,,,
MY000356,Compatible Dell 40W00 Extra High Capacity Magenta Toner Cartridge (593-11121),20.95,20.95,0.0,NO CHANGE,,,
MY000394,Compatible Dell FMRYP Extra High Capacity Cyan Toner Cartridge (593-11122),20.95,20.95,0.0,NO CHANGE,,,
MY000359,Compatible Dell 4J0X7 Magenta Toner Cartridge (593-11128),15.95,15.95,0.0,NO CHANGE,,,
MY000380,Compatible Dell 5R6J0 Cyan Toner Cartridge (593-11129),15.95,15.95,0.0,NO CHANGE,,,
MY000366,Compatible Dell 593-11141 High Capacity Cyan Toner Cartridge,15.95,15.95,0.0,NO CHANGE,,,
MY000367,Compatible Dell 593-11142 High Capacity Magenta Toner Cartridge,15.95,15.95,0.0,NO CHANGE,,,
MY000405,Compatible Dell VXCWK High Capacity Magenta Toner Cartridge (593-BBBS),17.95,17.95,0.0,NO CHANGE,,,
MY000357,Compatible Dell 488NH High Capacity Cyan Toner Cartridge (593-BBBT),17.95,17.95,0.0,NO CHANGE,,,
MY000372,Compatible Dell 593-BBLL Cyan Toner Cartridge,14.95,14.95,0.0,NO CHANGE,,,
MY000375,Compatible Dell 593-BBLZ Magenta Toner Cartridge,14.95,14.95,0.0,NO CHANGE,,,
MY000376,Compatible Dell 593-BBRV High Capacity Magenta Toner Cartridge,15.95,15.95,0.0,NO CHANGE,,,
MY000378,Compatible Dell 593-BBSD High Capacity Cyan Toner Cartridge,15.95,15.95,0.0,NO CHANGE,,,
MY000331,Compatible Canon 731 Magenta Toner Cartridge (6270B002),20.95,20.95,0.0,NO CHANGE,,,
MY000330,Compatible Canon 731 Cyan Toner Cartridge (6271B002),20.95,20.95,0.0,NO CHANGE,,,
MY000294,Compatible Canon 075M Magenta Toner Cartridge (6363C002),62.95,62.95,0.0,NO CHANGE,,,
MY000288,Compatible Canon 075C Cyan Toner Cartridge (6364C002),62.95,62.95,0.0,NO CHANGE,,,
MY000292,Compatible Canon 075HM High Capacity Magenta Toner Cartridge (6367C002),82.95,82.95,0.0,NO CHANGE,,,
MY000291,Compatible Canon 075HC High Capacity Cyan Toner Cartridge (6368C002),82.95,82.95,0.0,NO CHANGE,,,
MY001051,Remanufactured Lexmark 802HC High Capacity Cyan Toner Cartridge (80C2HC0),68.95,68.95,0.0,NO CHANGE,,,
MY001052,Remanufactured Lexmark 802HM High Capacity Magenta Toner Cartridge (80C2HM0),68.95,68.95,0.0,NO CHANGE,,,
MY000337,Compatible Canon CL-546XL Colour High Capacity Ink Cartridge (8288B001),26.95,26.95,0.0,NO CHANGE,,,
MY000729,Compatible Konica Minolta TN512M Magenta Toner Cartridge (A33K352),65.95,65.95,0.0,NO CHANGE,,,
MY000727,Compatible Konica Minolta TN512C Cyan Toner Cartridge (A33K452),65.95,65.95,0.0,NO CHANGE,,,
MY000720,Compatible Konica Minolta TN324M Magenta Toner Cartridge (A8DA350),49.95,49.95,0.0,NO CHANGE,,,
MY000718,Compatible Konica Minolta TN324C Cyan Toner Cartridge (A8DA450),49.95,49.95,0.0,NO CHANGE,,,
MY000724,Compatible Konica Minolta TN328M Magenta Toner Cartridge (AAV8350),77.95,77.95,0.0,NO CHANGE,,,
MY000722,Compatible Konica Minolta TN328C Cyan Toner Cartridge (AAV8450),77.95,77.95,0.0,NO CHANGE,,,
MY000413,Compatible Epson S050612 High Capacity Magenta Toner Cartridge (C13S050612),15.95,15.95,0.0,NO CHANGE,,,
MY000414,Compatible Epson S050613 High Capacity Cyan Toner Cartridge (C13S050613),15.95,15.95,0.0,NO CHANGE,,,
MY000417,Compatible Epson S050628 Magenta Toner Cartridge (C13S050628),15.95,15.95,0.0,NO CHANGE,,,
MY000418,Compatible Epson S050629 Cyan Toner Cartridge (C13S050629),15.95,15.95,0.0,NO CHANGE,,,
MY001011,Remanufactured Epson S051159 High Capacity Magenta Toner Cartridge (C13S051159),45.95,45.95,0.0,NO CHANGE,,,
MY000653,Compatible HP 62XL Colour High Capacity Ink Cartridge (C2P07AE),28.95,28.95,0.0,NO CHANGE,,,
MY001013,Remanufactured HP 121A Cyan Toner Cartridge (C9701A),43.95,43.95,0.0,NO CHANGE,,,
MY001014,Remanufactured HP 121A Magenta Toner Cartridge (C9703A),36.95,36.95,0.0,NO CHANGE,,,
MY001034,Remanufactured HP 641A Cyan Toner Cartridge (C9721A),42.95,42.95,0.0,NO CHANGE,,,
MY000444,Compatible HP 125A Cyan Toner Cartridge (CB541A),20.95,20.95,0.0,NO CHANGE,,,
MY000445,Compatible HP 125A Magenta Toner Cartridge (CB543A),20.95,20.95,0.0,NO CHANGE,,,
MY000566,Compatible HP 304A Cyan Toner Cartridge (CC531A),19.95,19.95,0.0,NO CHANGE,,,
MY000567,Compatible HP 304A Magenta Toner Cartridge (CC533A),19.95,19.95,0.0,NO CHANGE,,,
MY000630,Compatible HP 504A Cyan Toner Cartridge (CE251A),33.95,33.95,0.0,NO CHANGE,,,
MY000631,Compatible HP 504A Magenta Toner Cartridge (CE253A),34.95,34.95,0.0,NO CHANGE,,,
MY000655,Compatible HP 648A Cyan Toner Cartridge (CE261A),39.95,39.95,0.0,NO CHANGE,,,
MY000656,Compatible HP 648A Magenta Toner Cartridge (CE263A),38.95,38.95,0.0,NO CHANGE,,,
MY001020,Remanufactured HP 126A Cyan Toner Cartridge (CE311A),20.95,20.95,0.0,NO CHANGE,,,
MY001021,Remanufactured HP 126A Magenta Toner Cartridge (CE313A),20.95,20.95,0.0,NO CHANGE,,,
MY000449,Compatible HP 128A Cyan Toner Cartridge (CE321A),20.95,20.95,0.0,NO CHANGE,,,
MY000450,Compatible HP 128A Magenta Toner Cartridge (CE323A),20.95,20.95,0.0,NO CHANGE,,,
MY000664,Compatible HP 651A Cyan Toner Cartridge (CE341A),79.95,79.95,0.0,NO CHANGE,,,
MY000665,Compatible HP 651A Magenta Toner Cartridge (CE343A),79.95,79.95,0.0,NO CHANGE,,,
MY000636,Compatible HP 507A Cyan Toner Cartridge (CE401A),33.95,33.95,0.0,NO CHANGE,,,
MY000637,Compatible HP 507A Magenta Toner Cartridge (CE403A),34.95,34.95,0.0,NO CHANGE,,,
MY000573,Compatible HP 305A Cyan Toner Cartridge (CE411A),19.95,19.95,0.0,NO CHANGE,,,
MY000574,Compatible HP 305A Magenta Toner Cartridge (CE413A),19.95,19.95,0.0,NO CHANGE,,,
MY000583,Compatible HP 307A Cyan Toner Cartridge (CE741A),77.95,77.95,0.0,NO CHANGE,,,
MY000584,Compatible HP 307A Magenta Toner Cartridge (CE743A),77.95,77.95,0.0,NO CHANGE,,,
MY000455,Compatible HP 131A Cyan Toner Cartridge (CF211A),20.95,20.95,0.0,NO CHANGE,,,
MY000456,Compatible HP 131A Magenta Toner Cartridge (CF213A),20.95,20.95,0.0,NO CHANGE,,,
MY001037,Remanufactured HP 827A Cyan Toner Cartridge (CF301A),62.95,62.95,0.0,NO CHANGE,,,
MY001038,Remanufactured HP 827A Magenta Toner Cartridge (CF303A),62.95,62.95,0.0,NO CHANGE,,,
MY000667,Compatible HP 654A Cyan Toner Cartridge (CF331A),50.95,50.95,0.0,NO CHANGE,,,
MY000668,Compatible HP 654A Magenta Toner Cartridge (CF333A),50.95,50.95,0.0,NO CHANGE,,,
MY001025,Remanufactured HP 130A Cyan Toner Cartridge (CF351A),20.95,20.95,0.0,NO CHANGE,,,
MY001026,Remanufactured HP 130A Magenta Toner Cartridge (CF353A),20.95,20.95,0.0,NO CHANGE,,,
MY000642,Compatible HP 508X High Capacity Cyan Toner Cartridge (CF361X),35.95,35.95,0.0,NO CHANGE,,,
MY000643,Compatible HP 508X High Capacity Magenta Toner Cartridge (CF363X),35.95,35.95,0.0,NO CHANGE,,,
MY000589,Compatible HP 312A Cyan Toner Cartridge (CF381A),19.95,19.95,0.0,NO CHANGE,,,
MY000590,Compatible HP 312A Magenta Toner Cartridge (CF383A),19.95,19.95,0.0,NO CHANGE,,,
MY000479,Compatible HP 201A Cyan Toner Cartridge (CF401A),18.95,18.95,0.0,NO CHANGE,,,
MY000484,Compatible HP 201X High Capacity Cyan Toner Cartridge (CF401X),18.95,18.95,0.0,NO CHANGE,,,
MY000480,Compatible HP 201A Magenta Toner Cartridge (CF403A),18.95,18.95,0.0,NO CHANGE,,,
MY000485,Compatible HP 201X High Capacity Magenta Toner Cartridge (CF403X),18.95,18.95,0.0,NO CHANGE,,,
MY000606,Compatible HP 410A Cyan Toner Cartridge (CF411A),18.95,18.95,0.0,NO CHANGE,,,
MY000611,Compatible HP 410X High Capacity Cyan Toner Cartridge (CF411X),25.95,25.95,0.0,NO CHANGE,,,
MY000607,Compatible HP 410A Magenta Toner Cartridge (CF413A),18.95,18.95,0.0,NO CHANGE,,,
MY000612,Compatible HP 410X High Capacity Magenta Toner Cartridge (CF413X),25.95,25.95,0.0,NO CHANGE,,,
MY000674,Compatible HP 655A Cyan Toner Cartridge (CF451A),48.95,48.95,0.0,NO CHANGE,,,
MY000675,Compatible HP 655A Magenta Toner Cartridge (CF453A),48.95,48.95,0.0,NO CHANGE,,,
MY000679,Compatible HP 656X High Capacity Cyan Toner Cartridge (CF461X),65.95,65.95,0.0,NO CHANGE,,,
MY000680,Compatible HP 656X High Capacity Magenta Toner Cartridge (CF463X),65.95,65.95,0.0,NO CHANGE,,,
MY000684,Compatible HP 657X High Capacity Cyan Toner Cartridge (CF471X),65.95,65.95,0.0,NO CHANGE,,,
MY000685,Compatible HP 657X High Capacity Magenta Toner Cartridge (CF473X),65.95,65.95,0.0,NO CHANGE,,,
MY000499,Compatible HP 205A Cyan Toner Cartridge (CF531A),19.95,19.95,0.0,NO CHANGE,,,
MY000500,Compatible HP 205A Magenta Toner Cartridge (CF533A),19.95,19.95,0.0,NO CHANGE,,,
MY000489,Compatible HP 203A Cyan Toner Cartridge (CF541A),18.95,18.95,0.0,NO CHANGE,,,
MY000494,Compatible HP 203X High Capacity Cyan Toner Cartridge (CF541X),18.95,18.95,0.0,NO CHANGE,,,
MY000490,Compatible HP 203A Magenta Toner Cartridge (CF543A),18.95,18.95,0.0,NO CHANGE,,,
MY000495,Compatible HP 203X High Capacity Magenta Toner Cartridge (CF543X),18.95,18.95,0.0,NO CHANGE,,,
MY000884,Compatible Samsung CLP-C300A Cyan Toner Cartridge (CLP-C300A/ELS),16.95,16.95,0.0,NO CHANGE,,,
MY000006,Compatible Brother DR-241CL Cyan Drum Unit (DR241CL-C),20.95,20.95,0.0,NO CHANGE,,,
MY000009,Compatible Brother DR-243C Cyan Drum Unit (DR243CL-C),25.95,25.95,0.0,NO CHANGE,,,
MY000011,Compatible Brother DR-243M Magenta Drum Unit (DR243CL-M),25.95,25.95,0.0,NO CHANGE,,,
MY000014,Compatible Brother DR-248CL Cyan Drum Unit (DR248CL-C),32.95,32.95,0.0,NO CHANGE,,,
MY000015,Compatible Brother DR-248CL Magenta Drum Unit (DR248CL-M),32.95,32.95,0.0,NO CHANGE,,,
MY000559,Compatible HP 302XL Colour High Capacity Ink Cartridge (F6U67AE),22.95,22.95,0.0,NO CHANGE,,,
MY000040,Compatible Brother LC421XL High Capacity Cyan Ink Cartridge (LC421XLC),14.95,14.95,0.0,NO CHANGE,,,
MY000041,Compatible Brother LC421XL High Capacity Magenta Ink Cartridge (LC421XLM),14.95,14.95,0.0,NO CHANGE,,,
MY000025,Compatible Brother LC-422XLC High Capacity Cyan Ink Cartridge (LC422XLC),14.95,14.95,0.0,NO CHANGE,,,
MY000026,Compatible Brother LC-422XLM High Capacity Magenta Ink Cartridge (LC422XLM),14.95,14.95,0.0,NO CHANGE,,,
MY000045,Compatible Brother LC424C Cyan Ink Cartridge,14.95,14.95,0.0,NO CHANGE,,,
MY000046,Compatible Brother LC424M Magenta Ink Cartridge,14.95,14.95,0.0,NO CHANGE,,,
MY000050,Compatible Brother LC426XLC High Capacity Cyan Ink Cartridge,15.95,15.95,0.0,NO CHANGE,,,
MY000051,Compatible Brother LC426XLM High Capacity Magenta Ink Cartridge,15.95,15.95,0.0,NO CHANGE,,,
MY000030,Compatible Brother LC-521C Cyan Ink Cartridge (LC521C),17.95,17.95,0.0,NO CHANGE,,,
MY000031,Compatible Brother LC-521M Magenta Ink Cartridge (LC521M),17.95,17.95,0.0,NO CHANGE,,,
MY000035,Compatible Brother LC-527XLC High Capacity Cyan Ink Cartridge (LC527XLC),32.95,32.95,0.0,NO CHANGE,,,
MY000036,Compatible Brother LC-527XLM High Capacity Magenta Ink Cartridge (LC527XLM),32.95,32.95,0.0,NO CHANGE,,,
MY000570,Compatible HP 304XL Colour High Capacity Ink Cartridge (N9K07AE),22.95,22.95,0.0,NO CHANGE,,,
MY001016,Remanufactured HP 122A Cyan Toner Cartridge (Q3961A),36.95,36.95,0.0,NO CHANGE,,,
MY001017,Remanufactured HP 122A Magenta Toner Cartridge (Q3963A),43.95,43.95,0.0,NO CHANGE,,,
MY001031,Remanufactured HP 502A Magenta Toner Cartridge (Q6473A),36.95,36.95,0.0,NO CHANGE,,,
MY000887,Compatible Samsung CLT-C404S Cyan Toner Cartridge (ST966A),18.95,18.95,0.0,NO CHANGE,,,
MY000888,Compatible Samsung CLT-C406S Cyan Toner Cartridge (ST984A),19.95,19.95,0.0,NO CHANGE,,,
MY001068,Remanufactured Samsung CLT-C4072S Cyan Toner Cartridge (ST994A),28.95,28.95,0.0,NO CHANGE,,,
MY001069,Remanufactured Samsung CLT-C4092S Cyan Toner Cartridge (SU005A),24.95,24.95,0.0,NO CHANGE,,,
MY001070,Remanufactured Samsung CLT-C503L Cyan Toner Cartridge (SU014A),62.95,62.95,0.0,NO CHANGE,,,
MY000889,Compatible Samsung CLT-C504S Cyan Toner Cartridge (SU025A),27.95,27.95,0.0,NO CHANGE,,,
MY001071,Remanufactured Samsung CLT-C506L High Capacity Cyan Toner Cartridge (SU038A),37.95,37.95,0.0,NO CHANGE,,,
MY001072,Remanufactured Samsung CLT-C5082L High Capacity Cyan Toner Cartridge (SU055A),41.95,41.95,0.0,NO CHANGE,,,
MY000893,Compatible Samsung CLT-M404S Magenta Toner Cartridge (SU234A),18.95,18.95,0.0,NO CHANGE,,,
MY000894,Compatible Samsung CLT-M406S Magenta Toner Cartridge (SU252A),19.95,19.95,0.0,NO CHANGE,,,
MY001078,Remanufactured Samsung CLT-M4092S Magenta Toner Cartridge (SU272A),24.95,24.95,0.0,NO CHANGE,,,
MY001079,Remanufactured Samsung CLT-M503L Magenta Toner Cartridge (SU281A),62.95,62.95,0.0,NO CHANGE,,,
MY000895,Compatible Samsung CLT-M504S Magenta Toner Cartridge (SU292A),27.95,27.95,0.0,NO CHANGE,,,
MY001080,Remanufactured Samsung CLT-M506L High Capacity Magenta Toner Cartridge (SU305A),37.95,37.95,0.0,NO CHANGE,,,
MY001081,Remanufactured Samsung CLT-M5082L High Capacity Magenta Toner Cartridge (SU322A),41.95,41.95,0.0,NO CHANGE,,,
MY000562,Compatible HP 303XL Colour High Capacity Ink Cartridge (T6N03AE),27.95,27.95,0.0,NO CHANGE,,,
MY000807,Compatible Kyocera TK-5430C Cyan Toner Cartridge (1T0C0ACNL1),15.95,15.95,0.0,NO CHANGE,,,
MY000809,Compatible Kyocera TK-5430M Magenta Toner Cartridge (1T0C0ABNL1),15.95,15.95,0.0,NO CHANGE,,,
MY000812,Compatible Kyocera TK-5440C High Capacity Cyan Toner Cartridge (1T0C0ACNL0),19.95,19.95,0.0,NO CHANGE,,,
MY000814,Compatible Kyocera TK-5440M High Capacity Magenta Toner Cartridge (1T0C0ABNL0),19.95,19.95,0.0,NO CHANGE,,,
MY000832,Compatible Kyocera TK-570M Magenta Toner Cartridge (1T02HGBEU0),39.95,39.95,0.0,NO CHANGE,,,
MY000834,Compatible Kyocera TK-580C Cyan Toner Cartridge (1T02KTCNL0),20.95,20.95,0.0,NO CHANGE,,,
MY000836,Compatible Kyocera TK-580M Magenta Toner Cartridge (1T02KTBNL0),20.95,20.95,0.0,NO CHANGE,,,
MY000712,Compatible Konica Minolta TN-221C Cyan Toner Cartridge (A8K3450),58.95,58.95,0.0,NO CHANGE,,,
MY000713,Compatible Konica Minolta TN-221M Magenta Toner Cartridge (A8K3350),58.95,58.95,0.0,NO CHANGE,,,
MY000066,Compatible Brother TN-230C Cyan Toner Cartridge (TN230C),17.95,17.95,0.0,NO CHANGE,,,
MY000067,Compatible Brother TN-230M Magenta Toner Cartridge (TN230M),17.95,17.95,0.0,NO CHANGE,,,
MY000082,Compatible Brother TN-243C Cyan Toner Cartridge (TN243C),17.95,17.95,0.0,NO CHANGE,,,
MY000083,Compatible Brother TN-243M Magenta Toner Cartridge (TN243M),17.95,17.95,0.0,NO CHANGE,,,
MY000085,Compatible Brother TN-245C High Capacity Cyan Toner Cartridge (TN245C),16.95,16.95,0.0,NO CHANGE,,,
MY000086,Compatible Brother TN-245M High Capacity Magenta Toner Cartridge (TN245M),16.95,16.95,0.0,NO CHANGE,,,
MY000176,Compatible Brother TN246C Cyan Toner Cartridge,16.95,16.95,0.0,NO CHANGE,,,
MY000177,Compatible Brother TN246M Magenta Toner Cartridge,16.95,16.95,0.0,NO CHANGE,,,
MY000090,Compatible Brother TN-247C High Capacity Cyan Toner Cartridge (TN247C),16.95,16.95,0.0,NO CHANGE,,,
MY000091,Compatible Brother TN-247M High Capacity Magenta Toner Cartridge (TN247M),16.95,16.95,0.0,NO CHANGE,,,
MY000095,Compatible Brother TN-248C Cyan Toner Cartridge (TN248C),18.95,18.95,0.0,NO CHANGE,,,
MY000096,Compatible Brother TN-248M Magenta Toner Cartridge (TN248M),18.95,18.95,0.0,NO CHANGE,,,
MY000099,Compatible Brother TN-248XLC High Capacity Cyan Toner Cartridge (TN248XLC),26.95,26.95,0.0,NO CHANGE,,,
MY000100,Compatible Brother TN-248XLM High Capacity Magenta Toner Cartridge (TN248XLM),26.95,26.95,0.0,NO CHANGE,,,
MY000105,Compatible Brother TN-249C Extra High Capacity Cyan Toner Cartridge (TN249C),26.95,26.95,0.0,NO CHANGE,,,
MY000106,Compatible Brother TN-249M Extra High Capacity Magenta Toner Cartridge (TN249M),26.95,26.95,0.0,NO CHANGE,,,
MY000118,Compatible Brother TN-321C Cyan Toner Cartridge (TN321C),17.95,17.95,0.0,NO CHANGE,,,
MY000119,Compatible Brother TN-321M Magenta Toner Cartridge (TN321M),17.95,17.95,0.0,NO CHANGE,,,
MY000123,Compatible Brother TN-325C High Capacity Cyan Toner Cartridge (TN325C),18.95,18.95,0.0,NO CHANGE,,,
MY000124,Compatible Brother TN-325M High Capacity Magenta Toner Cartridge (TN325M),18.95,18.95,0.0,NO CHANGE,,,
MY000128,Compatible Brother TN-326C High Capacity Cyan Toner Cartridge (TN326C),18.95,18.95,0.0,NO CHANGE,,,
MY000129,Compatible Brother TN-326M High Capacity Magenta Toner Cartridge (TN326M),18.95,18.95,0.0,NO CHANGE,,,
MY000135,Compatible Brother TN-328C Extra High Capacity Cyan Toner Cartridge (TN328C),21.95,21.95,0.0,NO CHANGE,,,
MY000136,Compatible Brother TN-328M Extra High Capacity Magenta Toner Cartridge (TN328M),21.95,21.95,0.0,NO CHANGE,,,
MY000140,Compatible Brother TN-329C Extra High Capacity Cyan Toner Cartridge (TN329C),21.95,21.95,0.0,NO CHANGE,,,
MY000141,Compatible Brother TN-329M Extra High Capacity Magenta Toner Cartridge (TN329M),21.95,21.95,0.0,NO CHANGE,,,
MY000181,Compatible Brother TN421C Cyan Toner Cartridge,17.95,17.95,0.0,NO CHANGE,,,
MY000182,Compatible Brother TN421M Magenta Toner Cartridge,17.95,17.95,0.0,NO CHANGE,,,
MY000186,Compatible Brother TN423C High Capacity Cyan Toner Cartridge,18.95,18.95,0.0,NO CHANGE,,,
MY000187,Compatible Brother TN423M High Capacity Magenta Toner Cartridge,18.95,18.95,0.0,NO CHANGE,,,
MY000191,Compatible Brother TN426C Extra High Capacity Cyan Toner Cartridge,21.95,21.95,0.0,NO CHANGE,,,
MY000192,Compatible Brother TN426M Extra High Capacity Magenta Toner Cartridge,21.95,21.95,0.0,NO CHANGE,,,
MY000155,Compatible Brother TN-625C Cyan Toner Cartridge (TN625C),46.95,46.95,0.0,NO CHANGE,,,
MY000156,Compatible Brother TN-625M Magenta Toner Cartridge (TN625M),46.95,46.95,0.0,NO CHANGE,,,
MY000159,Compatible Brother TN-625XLC High Capacity Cyan Toner Cartridge (TN625XLC),60.95,60.95,0.0,NO CHANGE,,,
MY000160,Compatible Brother TN-625XLM High Capacity Magenta Toner Cartridge (TN625XLM),60.95,60.95,0.0,NO CHANGE,,,
MY000164,Compatible Brother TN-625XXLC Extra High Capacity Cyan Toner Cartridge (TN625XXLC),61.95,61.95,0.0,NO CHANGE,,,
MY000165,Compatible Brother TN-625XXLM Extra High Capacity Magenta Toner Cartridge (TN625XXLM),61.95,61.95,0.0,NO CHANGE,,,
MY000196,Compatible Brother TN821XLC High Capacity Cyan Toner Cartridge,37.95,37.95,0.0,NO CHANGE,,,
MY000197,Compatible Brother TN821XLM High Capacity Magenta Toner Cartridge,37.95,37.95,0.0,NO CHANGE,,,
MY000201,Compatible Brother TN821XXLC Extra High Capacity Cyan Toner Cartridge,40.95,40.95,0.0,NO CHANGE,,,
MY000202,Compatible Brother TN821XXLM Extra High Capacity Magenta Toner Cartridge,40.95,40.95,0.0,NO CHANGE,,,
MY000173,Compatible Brother TN-900C Extra High Capacity Cyan Toner Cartridge (TN900C),21.95,21.95,0.0,NO CHANGE,,,
MY000174,Compatible Brother TN-900M Extra High Capacity Magenta Toner Cartridge (TN900M),21.95,21.95,0.0,NO CHANGE,,,
MY000206,Compatible Brother TN910C Cyan Toner Cartridge,24.95,24.95,0.0,NO CHANGE,,,
MY000207,Compatible Brother TN910M Magenta Toner Cartridge,24.95,24.95,0.0,NO CHANGE,,,
MY000616,Compatible HP 415A Cyan Toner Cartridge (W2031A),24.95,24.95,0.0,NO CHANGE,,,
MY000621,Compatible HP 415X High Capacity Cyan Toner Cartridge (W2031X),32.95,32.95,0.0,NO CHANGE,,,
MY000617,Compatible HP 415A Magenta Toner Cartridge (W2033A),24.95,24.95,0.0,NO CHANGE,,,
MY000622,Compatible HP 415X High Capacity Magenta Toner Cartridge (W2033X),32.95,32.95,0.0,NO CHANGE,,,
MY000433,Compatible HP 117A High Capacity Cyan Toner Cartridge (W2071AXL),24.95,24.95,0.0,NO CHANGE,,,
MY000432,Compatible HP 117A Cyan Toner Cartridge (W2071A),17.95,17.95,0.0,NO CHANGE,,,
MY000435,Compatible HP 117A High Capacity Magenta Toner Cartridge (W2073AXL),24.95,24.95,0.0,NO CHANGE,,,
MY000434,Compatible HP 117A Magenta Toner Cartridge (W2073A),17.95,17.95,0.0,NO CHANGE,,,
MY000514,Compatible HP 212A Cyan Toner Cartridge (W2121A),49.95,49.95,0.0,NO CHANGE,,,
MY000519,Compatible HP 212X High Capacity Cyan Toner Cartridge (W2121X),55.95,55.95,0.0,NO CHANGE,,,
MY000515,Compatible HP 212A Magenta Toner Cartridge (W2123A),49.95,49.95,0.0,NO CHANGE,,,
MY000520,Compatible HP 212X High Capacity Magenta Toner Cartridge (W2123X),55.95,55.95,0.0,NO CHANGE,,,
MY000524,Compatible HP 213X High Capacity Cyan Toner Cartridge (W2131X),99.95,99.95,0.0,NO CHANGE,,,
MY000525,Compatible HP 213X High Capacity Magenta Toner Cartridge (W2133X),99.95,99.95,0.0,NO CHANGE,,,
MY000534,Compatible HP 219A Cyan Toner Cartridge (W2191A),53.95,53.95,0.0,NO CHANGE,,,
MY000539,Compatible HP 219X High Capacity Cyan Toner Cartridge (W2191X),60.95,60.95,0.0,NO CHANGE,,,
MY000535,Compatible HP 219A Magenta Toner Cartridge (W2193A),53.95,53.95,0.0,NO CHANGE,,,
MY000540,Compatible HP 219X High Capacity Magenta Toner Cartridge (W2193X),60.95,60.95,0.0,NO CHANGE,,,
MY000544,Compatible HP 220A Cyan Toner Cartridge (W2201A),37.95,37.95,0.0,NO CHANGE,,,
MY000549,Compatible HP 220X High Capacity Cyan Toner Cartridge (W2201X),40.95,40.95,0.0,NO CHANGE,,,
MY000545,Compatible HP 220A Magenta Toner Cartridge (W2203A),37.95,37.95,0.0,NO CHANGE,,,
MY000550,Compatible HP 220X High Capacity Magenta Toner Cartridge (W2203X),40.95,40.95,0.0,NO CHANGE,,,
MY000504,Compatible HP 207A Cyan Toner Cartridge (W2211A),26.95,26.95,0.0,NO CHANGE,,,
MY000509,Compatible HP 207X High Capacity Cyan Toner Cartridge (W2211X),32.95,32.95,0.0,NO CHANGE,,,
MY000505,Compatible HP 207A Magenta Toner Cartridge (W2213A),26.95,26.95,0.0,NO CHANGE,,,
MY000510,Compatible HP 207X High Capacity Magenta Toner Cartridge (W2213X),32.95,32.95,0.0,NO CHANGE,,,
MY000529,Compatible HP 216A Cyan Toner Cartridge (W2411A),22.95,22.95,0.0,NO CHANGE,,,
MY000530,Compatible HP 216A Magenta Toner Cartridge (W2413A),22.95,22.95,0.0,NO CHANGE,,,
MY000007,Compatible Brother DR-241CL Drum Unit (DR241CL),57.95,57.95,0.0,NO CHANGE,,,
MY000022,Compatible Brother DR-421CL CMYK Drum Unit (DR421CL),120.00,120.00,0.0,NO CHANGE,,,
MY000610,Compatible HP 410X High Capacity CMYK 4 Colour Toner Cartridge Multipack (CF410X/ CF411X/ CF413X/ CF412X),104.00,104.00,0.0,NO CHANGE,,,
MY000483,Compatible HP 201X High Capacity CMYK 4 Colour Toner Cartridge Multipack (CF400X/ CF401X/ CF403X/ CF402X),77.95,77.95,0.0,NO CHANGE,,,
MY000443,Compatible HP 125A CMYK 4 Colour Toner Cartridge Multipack (CB540A/ CB541A/ CB543A/ CB542A),82.95,82.95,0.0,NO CHANGE,,,
MY000565,Compatible HP 304A CMYK 4 Colour Toner Cartridge Multipack (CC530A/ CC531A/ CC533A/ CC532A),80.95,80.95,0.0,NO CHANGE,,,
MY000448,Compatible HP 128A CMYK 4 Colour Toner Cartridge Multipack (CE320A/ CE321A/ CE323A/ CE322A),82.95,82.95,0.0,NO CHANGE,,,
MY000576,Compatible HP 305X / 305A CMYK 4 Colour Toner Cartridge Multipack (CE410X/ CE411A/ CE413A/ CE412A),80.95,80.95,0.0,NO CHANGE,,,
MY000454,Compatible HP 131 CMYK 4 Colour Toner Cartridge Multipack (CF210X/ CF211A/ CF213A/ CF212A),82.95,82.95,0.0,NO CHANGE,,,
MY000592,Compatible HP 312X / 312A CMYK 4 Colour Toner Cartridge Multipack (CF380X/ CF381A/ CF383A/ CF382A),80.95,80.95,0.0,NO CHANGE,,,
MY000896,Compatible Samsung CLT-P404C CMYK 4 Colour Toner Cartridge Multipack (SU100A/ ST966A/ SU234A/ SU444A),66.95,66.95,0.0,NO CHANGE,,,
MY000897,Compatible Samsung CLT-P406C CMYK 4 Colour Toner Cartridge Multipack (SU118A/ ST984A/ SU252A/ SU462A),72.95,72.95,0.0,NO CHANGE,,,
MY000898,Compatible Samsung CLT-P504C CMYK 4 Colour Toner Cartridge Multipack (SU158A/ SU025A/ SU292A/ SU502A),111.00,111.00,0.0,NO CHANGE,,,
MY000080,Compatible Brother TN-243 CMYK 4 Colour Toner Cartridge Multipack (TN243BK/ TN243C/ TN243M/ TN243Y),59.95,59.95,0.0,NO CHANGE,,,
MY000093,Compatible Brother TN-248 CMYK 4 Colour Toner Cartridge Multipack (TN248BK/ TN248C/ TN248M/ TN248Y),74.95,74.95,0.0,NO CHANGE,,,
MY000989,Compatible Xerox 106R03480 / 106R0369 Extra High Capacity CMYK 4 Colour Toner Cartridge Multipack (106R03480/ 106R03690/ 106R03691/ 106R03692),55.95,55.95,0.0,NO CHANGE,,,
MY000970,Compatible Xerox 106R022 High Capacity CMYK 4 Colour Toner Cartridge Multipack (106R02232/ 106R02229/ 106R02230/ 106R02231),62.95,62.95,0.0,NO CHANGE,,,
MY000960,Compatible Xerox 106R0159 High Capacity CMYK 4 Colour Toner Cartridge Multipack (106R01597/ 106R01594/ 106R01595/ 106R01596),51.95,51.95,0.0,NO CHANGE,,,
MY000932,Compatible Xerox 006R0439 High Capacity CMYK 4 Colour Toner Cartridge Multipack (006R04391/ 006R04392/ 006R04393/ 006R04394),391.00,391.00,0.0,NO CHANGE,,,
MY000927,Compatible Xerox 006R0436 High Capacity CMYK 4 Colour Toner Cartridge Multipack (006R04364 /006R04365 /006R04366 /006R04367),152.00,152.00,0.0,NO CHANGE,,,
MY000880,Compatible Oki 4650871 High Capacity CMYK 4 Colour Toner Cartridge Multipack (46508712/ 46508711/ 46508710/ 46508709),62.95,62.95,0.0,NO CHANGE,,,
MY000874,Compatible Oki 4649060 High Capacity CMYK 4 Colour Toner Cartridge Multipack (46490608/ 46490607/ 46490606/ 46490605),107.00,107.00,0.0,NO CHANGE,,,
MY000855,Compatible OKI 44469 High Capacity CMYK 4 Colour Toner Cartridge Multipack (44469804/ 44469724/ 44469723/ 44469722),56.95,56.95,0.0,NO CHANGE,,,
MY000854,Compatible OKI 44469 High Capacity CMYK 4 Colour Toner Cartridge Multipack (44469706/ 44469705/ 44469704/ 44469803),54.95,54.95,0.0,NO CHANGE,,,
MY000826,Compatible Kyocera TK-5490 High Capacity CMYK 4 Colour Toner Cartridge Multipack (1T0C220NL1/ 1T0C22CNL1/ 1T0C22BNL1/ 1T0C22ANL1),92.95,92.95,0.0,NO CHANGE,,,
MY000811,Compatible Kyocera TK-5440 High Capacity CMYK 4 Colour Toner Cartridge Multipack (1T0C0A0NL0 /1T0C0ACNL0 /1T0C0ABNL0 /1T0C0AANL0),60.95,60.95,0.0,NO CHANGE,,,
MY000683,Compatible HP 657X High Capacity CMYK 4 Colour Toner Cartridge Multipack (CF470X/ CF471X/ CF473X/ CF472X),257.00,257.00,0.0,NO CHANGE,,,
MY000678,Compatible HP 656X High Capacity CMYK 4 Colour Toner Cartridge Multipack (CF460X/ CF461X/ CF463X/ HPCF462X),261.00,261.00,0.0,NO CHANGE,,,
MY000641,Compatible HP 508X High Capacity CMYK 4 Colour Toner Cartridge Multipack (CF360X/ CF361X/ CF363X/ CF362X),145.00,145.00,0.0,NO CHANGE,,,
MY000620,Compatible HP 415X High Capacity CMYK 4 Colour Toner Cartridge Multipack (W2030X/ W2031X/ W2033X/ W2032X),129.00,129.00,0.0,NO CHANGE,,,
MY000548,Compatible HP 220X High Capacity CMYK 4 Colour Toner Cartridge Multipack (W2200X/ W2201X/ W2203X/ W2202X),160.00,160.00,0.0,NO CHANGE,,,
MY000538,Compatible HP 219X High Capacity CMYK 4 Colour Toner Cartridge Multipack (W2190X/ W2191X/ W2193X/ W2192X),240.00,240.00,0.0,NO CHANGE,,,
MY000523,Compatible HP 213X High Capacity CMYK 4 Colour Toner Cartridge Multipack (W2130X/ W2131X/ W2133X/ W2132X),376.00,376.00,0.0,NO CHANGE,,,
MY000518,Compatible HP 212X High Capacity CMYK 4 Colour Toner Cartridge Multipack (W2120X/ W2121X/ W2123X/ W2122X),220.00,220.00,0.0,NO CHANGE,,,
MY000508,Compatible HP 207X High Capacity CMYK 4 Colour Toner Cartridge Multipack (W2210X/ W2211X/ W2213X/ W2212X),129.00,129.00,0.0,NO CHANGE,,,
MY000493,Compatible HP 203X High Capacity CMYK 4 Colour Toner Cartridge Multipack (CF540X /CF541X /CF543X /CF542X),77.95,77.95,0.0,NO CHANGE,,,
MY000438,Compatible HP 117AXL High Capacity CMYK 4 Colour Toner Cartridge Multipack (W2070AXL/ W2071AXL/ W2073AXL/ W2072AXL),97.95,97.95,0.0,NO CHANGE,,,
MY000411,Compatible Epson S05061 High Capacity CMYK 4 Colour Toner Cartridge Multipack (S050611/ S050612/ S050613/ S050614),41.95,41.95,0.0,NO CHANGE,,,
MY000370,Compatible Dell 593-BBB High Capacity CMYK 4 Colour Toner Cartridge Multipack (593-BBBU/ 593-BBBT/ 593-BBBS/ 593-BBBR),63.95,63.95,0.0,NO CHANGE,,,
MY000369,Compatible Dell 593-BB High Capacity CMYK 4 Colour Toner Cartridge Multipack (593-BBSB/ 593-BBSD/ 593-BBRV/ 593-BBSE),50.95,50.95,0.0,NO CHANGE,,,
MY000364,Compatible Dell 593-1114 High Capacity CMYK 4 Colour Toner Cartridge Multipack (593-11140/ 593-11141/ 593-11142/ 593-11143),41.95,41.95,0.0,NO CHANGE,,,
MY000363,Compatible Dell 593-1112 Extra High Capacity CMYK 4 Colour Toner Cartridge Multipack (593-11119/ 593-11120/ 593-11121/ 593-11122),82.95,82.95,0.0,NO CHANGE,,,
MY000361,Compatible Dell 593-110 High Capacity CMYK 4 Colour Toner Cartridge Multipack (593-11040/ 593-11041/ 593-11033/ 593-11037),41.95,41.95,0.0,NO CHANGE,,,
MY000360,Compatible Dell 593-102 High Capacity CMYK 4 Colour Toner Cartridge Multipack (593-10260/ 593-10261/ 593-10259/ 593-10258),42.95,42.95,0.0,NO CHANGE,,,
MY000329,Compatible Canon 731 High Capacity CMYK 4 Colour Toner Cartridge Multipack (6273B002/ 6271B002/ 6270B002/ 6269B002),82.95,82.95,0.0,NO CHANGE,,,
MY000289,Compatible Canon 075H High Capacity CMYK 4 Colour Toner Cartridge Multipack (6369C002/ 6368C002/ 6367C002/ 6366C002),333.00,333.00,0.0,NO CHANGE,,,
MY000276,Compatible Canon 069H High Capacity CMYK 4 Colour Toner Cartridge Multipack (5098C002/ 5097C002/ 5096C002/ 5095C002),146.00,146.00,0.0,NO CHANGE,,,
MY000266,Compatible Canon 067H High Capacity CMYK 4 Colour Toner Cartridge Multipack (5106C002/ 5105C002/ 5104C002/ 5103C002),113.00,113.00,0.0,NO CHANGE,,,
MY000255,Compatible Canon 055H High Capacity CMYK 4 Colour Toner Cartridge Multipack (3020C002/ 3019C002/ 3018C002/ 3017C002),141.00,141.00,0.0,NO CHANGE,,,
MY000245,Compatible Canon 054H High Capacity CMYK 4 Colour Toner Cartridge Multipack (3028C002/ 3027C002/ 3026C002/ 3025C002),78.95,78.95,0.0,NO CHANGE,,,
MY000232,Compatible Canon 046H High Capacity CMYK 4 Colour Toner Cartridge Multipack (1254C002/ 1253C002/ 1252C002/ 1251C002),104.00,104.00,0.0,NO CHANGE,,,
MY000220,Compatible Canon 045H High Capacity CMYK 4 Colour Toner Cartridge Multipack (1246C002 /1245C002 /1244C002 /1243C002),77.95,77.95,0.0,NO CHANGE,,,
MY000212,Compatible Canon 040H High Capacity CMYK 4 Colour Toner Cartridge Multipack (0461C001/ 0459C001/ 0457C001/ 0455C001),145.00,145.00,0.0,NO CHANGE,,,
MY000171,Compatible Brother TN-900 Extra High Capacity CMYK 4 Colour Toner Cartridge Multipack (TN900BK/ TN900C/ TN900M/ TN900Y),82.95,82.95,0.0,NO CHANGE,,,
MY000199,Compatible Brother TN821XXL Extra High Capacity CMYK 4 Colour Toner Cartridge Multipack (TN821XXLBK/ TN821XXLC/ TN821XXLM/ TN821XXLY),159.00,159.00,0.0,NO CHANGE,,,
MY000194,Compatible Brother TN821XL High Capacity CMYK 4 Colour Toner Cartridge Multipack (TN821XLBK/ TN821XLC/ TN821XLM/ TN821XLY),148.00,148.00,0.0,NO CHANGE,,,
MY000162,Compatible Brother TN-625XXL Extra High Capacity CMYK 4 Colour Toner Cartridge Multipack (TN625XXLBK/ TN625XXLC/ TN625XXLM/ TN625XXLY),240.00,240.00,0.0,NO CHANGE,,,
MY000157,Compatible Brother TN-625XL High Capacity CMYK 4 Colour Toner Cartridge Multipack (TN625XLBK/ TN625XLC/ TN625XLM/ TN625XLY),235.00,235.00,0.0,NO CHANGE,,,
MY000189,Compatible Brother TN426 Extra High Capacity CMYK 4 Colour Toner Cartridge Multipack (TN426BK/ TN426C/ TN426M/ TN426Y),86.95,86.95,0.0,NO CHANGE,,,
MY000184,Compatible Brother TN423 High Capacity CMYK 4 Colour Toner Cartridge Multipack (TN423BK/ TN423C/ TN423M/ TN423Y),73.95,73.95,0.0,NO CHANGE,,,
MY000138,Compatible Brother TN-329 Extra High Capacity CMYK 4 Colour Toner Cartridge Multipack (TN329BK/ TN329C/ TN329M/ TN329Y),82.95,82.95,0.0,NO CHANGE,,,
MY000131,Compatible Brother TN-328 Extra High Capacity CMYK 4 Colour Toner Cartridge Multipack (TN328BK/ TN328C/ TN328M/ TN328Y),82.95,82.95,0.0,NO CHANGE,,,
MY000126,Compatible Brother TN-326 High Capacity CMYK 4 Colour Toner Cartridge Multipack (TN326BK/ TN326C/ TN326M/ TN326Y),71.95,71.95,0.0,NO CHANGE,,,
MY000121,Compatible Brother TN-325 High Capacity CMYK 4 Colour Toner Cartridge Multipack (TN325BK/ TN325C/ TN325M/ TN325Y),70.95,70.95,0.0,NO CHANGE,,,
MY000103,Compatible Brother TN-249 Extra High Capacity CMYK 4 Colour Toner Cartridge Multipack (TN249BK/ TN249C/ TN249M/ TN249Y),106.00,106.00,0.0,NO CHANGE,,,
MY000097,Compatible Brother TN-248XL High Capacity CMYK 4 Colour Toner Cartridge Multipack (TN248XLBK/ TN248XLC/ TN248XLM/ TN248XLY),106.00,106.00,0.0,NO CHANGE,,,
MY000088,Compatible Brother TN-247 High Capacity CMYK 4 Colour Toner Cartridge Multipack (TN247BK/ TN247C/ TN247M/ TN247Y),62.95,62.95,0.0,NO CHANGE,,,
MY000072,Compatible Brother TN-241 / TN-245 High Capacity CMYK 4 Colour Toner Cartridge Multipack (TN241BK/ TN245C/ TN245M/ TN245Y),58.95,58.95,0.0,NO CHANGE,,,
MY000997,Compatible Xerox 6R0151 CMYK 4 Colour Toner Cartridge Multipack (006R01513/ 006R01514/ 006R01515/ 006R01516),126.00,126.00,0.0,NO CHANGE,,,
MY000942,Compatible Xerox 106R0133 CMYK 4 Colour Toner Cartridge Multipack (106R01334/ 106R01331/ 106R01332/ 106R01333),47.95,47.95,0.0,NO CHANGE,,,
MY000950,Compatible Xerox 106R0145 CMYK 4 Colour Toner Cartridge Multipack (106R01455/ 106R01452/ 106R01453/ 106R01454),51.95,51.95,0.0,NO CHANGE,,,
MY000949,Compatible Xerox 106R014 CMYK 4 Colour Toner Cartridge Multipack (106R01480/ 106R01477/ 106R01478/ 106R01479),41.95,41.95,0.0,NO CHANGE,,,
MY000965,Compatible Xerox 106R016 CMYK 4 Colour Toner Cartridge Multipack (106R01630/ 106R01627/ 106R01628/ 106R01629),41.95,41.95,0.0,NO CHANGE,,,
MY000978,Compatible Xerox 106R0275 CMYK 4 Colour Toner Cartridge Multipack (106R02759/ 106R02756/ 106R02757/ 106R02758),46.95,46.95,0.0,NO CHANGE,,,
MY000227,Compatible Canon 046 CMYK 4 Colour Toner Cartridge Multipack (1250C002/ 1249C002/ 1248C002/ 1247C002),43.95,43.95,0.0,NO CHANGE,,,
MY000308,Compatible Canon 716 CMYK 4 Colour Toner Cartridge Multipack (1980B002/ 1979B002/ 1978B002/ 1977B002),82.95,82.95,0.0,NO CHANGE,,,
MY000761,Compatible Kyocera TK-5140 CMYK 4 Colour Toner Cartridge Multipack (1T02NR0NL0/ 1T02NRCNL0/ 1T02NRBNL0/ 1T02NRANL0),90.95,90.95,0.0,NO CHANGE,,,
MY000845,Compatible Kyocera TK5150 CMYK 4 Colour Toner Cartridge Multipack (1T02NS0NL0/ 1T02NSCNL0/ 1T02NSBNL0/ 1T02NSANL0),113.00,113.00,0.0,NO CHANGE,,,
MY000766,Compatible Kyocera TK-5160 CMYK 4 Colour Toner Cartridge Multipack (1T02NT0NL0/ 1T02NTCNL0/ 1T02NTBNL0/ 1T02NTANL0),112.00,112.00,0.0,NO CHANGE,,,
MY000781,Compatible Kyocera TK-5240 CMYK 4 Colour Toner Cartridge Multipack (1T02R70NL0/ 1T02R7CNL0/ 1T02R7BNL0/ 1T02R7ANL0),62.95,62.95,0.0,NO CHANGE,,,
MY000776,Compatible Kyocera TK-5230 CMYK 4 Colour Toner Cartridge Multipack (1T02R90NL0/ 1T02R9CNL0/ 1T02R9BNL0/ 1T02R9ANL0),62.95,62.95,0.0,NO CHANGE,,,
MY000771,Compatible Kyocera TK-5220 CMYK 4 Colour Toner Cartridge Multipack (1T02R90NL1/ 1T02R9CNL1/ 1T02R9BNL1/ 1T02R9ANL1),53.95,53.95,0.0,NO CHANGE,,,
MY000786,Compatible Kyocera TK-5270 CMYK 4 Colour Toner Cartridge Multipack (1T02TV0NL0/ 1T02TVCNL0/ 1T02TVBNL0/ 1T02TVANL0),91.95,91.95,0.0,NO CHANGE,,,
MY000791,Compatible Kyocera TK-5280 CMYK 4 Colour Toner Cartridge Multipack (1T02TW0NL0/ 1T02TWCNL0/ 1T02TWBNL0/ 1T02TWANL0),117.00,117.00,0.0,NO CHANGE,,,
MY000816,Compatible Kyocera TK-5450 CMYK 4 Colour Toner Cartridge Multipack (1T0C0D0NL0/ 1T0C0DCNL0/ 1T0C0DBNL0/ 1T0C0DANL0),143.00,143.00,0.0,NO CHANGE,,,
MY000821,Compatible Kyocera TK-5480 CMYK 4 Colour Toner Cartridge Multipack (1T0C220NL0/ 1T0C22CNL0/ 1T0C22BNL0/ 1T0C22ANL0),79.95,79.95,0.0,NO CHANGE,,,
MY000838,Compatible Kyocera TK-590 CMYK 4 Colour Toner Cartridge Multipack (1TO2KVONLO/ 1TO2KVCNLO/ 1T02KVANL0/ 1T02KVBNL0),98.95,98.95,0.0,NO CHANGE,,,
MY000313,Compatible Canon 718 CMYK 4 Colour Toner Cartridge Multipack (2662B002/ 2661B002/ 2660B002/ 2659B002),80.95,80.95,0.0,NO CHANGE,,,
MY000250,Compatible Canon 055 CMYK 4 Colour Toner Cartridge Multipack (3016C002/ 3015C002/ 3014C002/ 3013C002),133.00,133.00,0.0,NO CHANGE,,,
MY000240,Compatible Canon 054 CMYK 4 Colour Toner Cartridge Multipack (3024C002/ 3023C002/ 3022C002/ 3021C002),74.95,74.95,0.0,NO CHANGE,,,
MY000853,Compatible OKI 44469 CMYK 4 Colour Toner Cartridge Multipack (44469706/ 44469705/ 44469704/ 44469803),54.95,54.95,0.0,NO CHANGE,,,
MY000866,Compatible OKI 4497353 CMYK 4 Colour Toner Cartridge Multipack (44973536/ 44973535/ 44973534/ 44973533),47.95,47.95,0.0,NO CHANGE,,,
MY000273,Compatible Canon 069 CMYK 4 Colour Toner Cartridge Multipack (5094C002/ 5093C002/ 5092C002/ 5091C002),164.00,164.00,0.0,NO CHANGE,,,
MY000263,Compatible Canon 067 CMYK 4 Colour Toner Cartridge Multipack (5102C002/ 5101C002/ 5100C002/ 5099C002),100.00,100.00,0.0,NO CHANGE,,,
MY000362,Compatible Dell 593-111 CMYK 4 Colour Toner Cartridge Multipack (593-11130/ 593-11129/ 593-11128/ 593-11131),43.95,43.95,0.0,NO CHANGE,,,
MY000371,Compatible Dell 593-BBL CMYK 4 Colour Toner Cartridge Multipack (593-BBLN/ 593-BBLL/ 593-BBLZ/ 593-BBLV),45.95,45.95,0.0,NO CHANGE,,,
MY000286,Compatible Canon 075 CMYK 4 Colour Toner Cartridge Multipack (6365C002/ 6364C002/ 6363C002/ 6362C002),247.00,247.00,0.0,NO CHANGE,,,
MY000726,Compatible Konica Minolta TN512 CMYK 4 Colour Toner Cartridge Multipack (A33K152/ A33K252/ A33K352/ A33K452),238.00,238.00,0.0,NO CHANGE,,,
MY000717,Compatible Konica Minolta TN324 CMYK 4 Colour Toner Cartridge Multipack (A8DA150/ A8DA450/ A8DA350/ A8DA250),191.00,191.00,0.0,NO CHANGE,,,
MY000420,Compatible Epson S050630 / S05062 CMYK 4 Colour Toner Cartridge Multipack (S050627/ S050628/ S050629/ S050630),47.95,47.95,0.0,NO CHANGE,,,
MY000633,Compatible HP 504X / 504A CMYK 4 Colour Toner Cartridge Multipack (CE250X/ CE251A/ CE252A/ CE253A),138.00,138.00,0.0,NO CHANGE,,,
MY000658,Compatible HP 649X / 648A CMYK 4 Colour Toner Cartridge Multipack (CE260X/ CE261A/ CE262A/ CE263A),158.00,158.00,0.0,NO CHANGE,,,
MY000663,Compatible HP 651A CMYK 4 Colour Toner Cartridge Multipack (CE340A/ CE341A/ CE342A/ CE343A),313.00,313.00,0.0,NO CHANGE,,,
MY000635,Compatible HP 507 CMYK 4 Colour Toner Cartridge Multipack (CE400X/ CE401A/ CE402A/ CE403A),141.00,141.00,0.0,NO CHANGE,,,
MY000582,Compatible HP 307A CMYK 4 Colour Toner Cartridge Multipack (CE740A/ CE741A/ CE742A/ CE743A),304.00,304.00,0.0,NO CHANGE,,,
MY000670,Compatible HP 654X / 654A CMYK 4 Colour Toner Cartridge Multipack (CF330X/ CF331A/ CF333A/ CF332A),204.00,204.00,0.0,NO CHANGE,,,
MY000478,Compatible HP 201A CMYK 4 Colour Toner Cartridge Multipack (CF400A /CF401A /CF403A /CF402A),74.95,74.95,0.0,NO CHANGE,,,
MY000605,Compatible HP 410A CMYK 4 Colour Toner Cartridge Multipack (CF410A/ CF411A/ CF413A/ CF412A),43.95,43.95,0.0,NO CHANGE,,,
MY000673,Compatible HP 655A CMYK 4 Colour Toner Cartridge Multipack (CF450A /CF451A /CF453A /CF452A),196.00,196.00,0.0,NO CHANGE,,,
MY000498,Compatible HP 205A CMYK 4 Colour Toner Cartridge Multipack (CF530A /CF531A /CF533A /CF532A),74.95,74.95,0.0,NO CHANGE,,,
MY000488,Compatible HP 203A CMYK 4 Colour Toner Cartridge Multipack (CF540A /CF541A /CF543A /CF542A),74.95,74.95,0.0,NO CHANGE,,,
MY000806,Compatible Kyocera TK-5430 CMYK 4 Colour Toner Cartridge Multipack (1T0C0A0NL1 /1T0C0ACNL1 /1T0C0ABNL1 /1T0C0AANL1),59.95,59.95,0.0,NO CHANGE,,,
MY000833,Compatible Kyocera TK-580 CMYK 4 Colour Toner Cartridge Multipack (1T02KT0NL0/ 1T02KTCNL0/ 1T02KTBNL0/ 1T02KTANL0),79.95,79.95,0.0,NO CHANGE,,,
MY000715,Compatible Konica Minolta TN221 CMYK 4 Colour Toner Cartridge Multipack (A8K3150/ A8K3450/ A8K3350/ A8K3250),216.00,216.00,0.0,NO CHANGE,,,
MY000064,Compatible Brother TN-230 CMYK 4 Colour Toner Cartridge Multipack (TN230BK/ TN230C/ TN230M/ TN230Y),66.95,66.95,0.0,NO CHANGE,,,
MY000116,Compatible Brother TN-321 CMYK 4 Colour Toner Cartridge Multipack (TN321BK/ TN321C/ TN321M/ TN321Y),66.95,66.95,0.0,NO CHANGE,,,
MY000179,Compatible Brother TN421 CMYK 4 Colour Toner Cartridge Multipack (TN421BK/ TN421C/ TN421M/ TN421Y),65.95,65.95,0.0,NO CHANGE,,,
MY000153,Compatible Brother TN-625 CMYK 4 Colour Toner Cartridge Multipack (TN625BK/ TN625C/ TN625M/ TN625Y),185.00,185.00,0.0,NO CHANGE,,,
MY000204,Compatible Brother TN910 CMYK 4 Colour Toner Cartridge Multipack (TN910BK/ TN910C/ TN910M/ TN910Y),97.95,97.95,0.0,NO CHANGE,,,
MY000615,Compatible HP 415A CMYK 4 Colour Toner Cartridge Multipack (W2030A/ W2031A/ W2033A/ W2032A),100.00,100.00,0.0,NO CHANGE,,,
MY000431,Compatible HP 117A CMYK 4 Colour Toner Cartridge Multipack (W2070A/ W2071A/ W2073A/ W2072A),62.95,62.95,0.0,NO CHANGE,,,
MY000513,Compatible HP 212A CMYK 4 Colour Toner Cartridge Multipack (W2120A/ W2121A/ W2123A/ W2122A),198.00,198.00,0.0,NO CHANGE,,,
MY000533,Compatible HP 219A CMYK 4 Colour Toner Cartridge Multipack (W2190A/ W2191A/ W2193A/ W2192A),210.00,210.00,0.0,NO CHANGE,,,
MY000543,Compatible HP 220A CMYK 4 Colour Toner Cartridge Multipack (W2200A/ W2201A/ W2203A/ W2202A),148.00,148.00,0.0,NO CHANGE,,,
MY000503,Compatible HP 207A CMYK 4 Colour Toner Cartridge Multipack (W2210A/ W2211A/ W2213A/ W2212A),106.00,106.00,0.0,NO CHANGE,,,
MY000528,Compatible HP 216A CMYK 4 Colour Toner Cartridge Multipack (W2410A/ W2411A/ W2413A/ W2412A),88.95,88.95,0.0,NO CHANGE,,,
MY000796,Compatible Kyocera TK-5370 CMYK Toner Cartridges Multipack (1T02YJ0NL0/ 1T02YJCNL0/ 1T02YJBNL0/ 1T02YJANL0),128.00,128.00,0.0,NO CHANGE,,,
MY000801,Compatible Kyocera TK-5380 CMYK Toner Cartridges Multipack (1T02Z00NL0/ 1T02Z0CNL0/ 1T02Z0BNL0/ 1T02Z0ANL0),160.00,160.00,0.0,NO CHANGE,,,
MY000033,Compatible Brother LC-527XL High Capacity CMYK 4 Colour Ink Cartridge Multipack (LC527XLBK/ LC527XLC/ LC527XLM/ LC527XLY),147.00,147.00,0.0,NO CHANGE,,,
MY000023,Compatible Brother LC-422XL High Capacity CMYK 4 Colour Ink Cartridge Multipack (LC422XLBK/ LC422XLC/ LC422XLM/ LC422XLY),36.95,36.95,0.0,NO CHANGE,,,
MY000039,Compatible Brother LC421XL High Capacity CMYK 4 Colour Ink Cartridge Multipack (LC421XLBK/ LC421XLC/ LC421XLM/ LC421XLY),35.95,35.95,0.0,NO CHANGE,,,
MY000043,Compatible Brother LC424 CMYK 4 Colour Ink Cartridge Multipack (LC424BK/ LC424C/ LC424M/ LC424Y),45.95,45.95,0.0,NO CHANGE,,,
MY000028,Compatible Brother LC-521 CMYK 4 Colour Ink Cartridge Multipack (LC521BK/ LC521C/ LC521M/ LC521Y),74.95,74.95,0.0,NO CHANGE,,,
MY000048,Compatible Brother LC426XL High Capacity CMYK 4 Colour Ink Cartridge Multipack (LC426XLBK/ LC426XLC/ LC426XLM/ LC426XLY),52.95,52.95,0.0,NO CHANGE,,,
MY001019,Remanufactured HP 126A CMYK 4 Colour Toner Cartridge Multipack (CE310A/ CE311A/ CE312A/ CE313A),84.95,84.95,0.0,NO CHANGE,,,
MY001082,Remanufactured Samsung CLT-P4092C CMYK 4 Colour Toner Cartridge Multipack (SU138A/ SU005A/ SU272A/ SU482A),100.00,100.00,0.0,NO CHANGE,,,
MY001088,Remanufactured Xerox 113R0072 High Capacity CMYK 4 Colour Toner Cartridge Multipack (113R00726/ 113R00723/ 113R00724/ 113R00725),174.00,174.00,0.0,NO CHANGE,,,
MY001067,Remanufactured Samsung CLT-506L High Capacity CMYK 4 Colour Toner Cartridge Multipack (SU171A/ SU038A/ SU305A/ SU515A),148.00,148.00,0.0,NO CHANGE,,,
MY001061,Remanufactured OKI 4464300 CMYK 4 Colour Toner Cartridge Multipack (44643004/ 44643003/ 44643002/ 44643001),162.00,162.00,0.0,NO CHANGE,,,
MY001036,Remanufactured HP 827A CMYK 4 Colour Toner Cartridge Multipack (CF300A/ CF301A/ CF303A/ CF302A),257.00,257.00,0.0,NO CHANGE,,,
MY001024,Remanufactured HP 130A CMYK 4 Colour Toner Cartridge Multipack (CF350A/ CF351A/ CF353A/ CF352A),84.95,84.95,0.0,NO CHANGE,,,
MY001066,Remanufactured Samsung CLT-503L CMYK 4 Colour Toner Cartridge Multipack (SU147A/ SU014A/ SU281A/ SU491A),248.00,248.00,0.0,NO CHANGE,,,
MY000346,Compatible Canon PG-510 / CL-511 Black & Tri-Colour Ink Cartridge Multipack (2970B010 / 2970B017),45.95,45.95,0.0,NO CHANGE,,,
MY000348,Compatible Canon PG-540XL / CL-541XL High Capacity Black & Tri-Colour Ink Cartridge Multipack (5222B005AA / 5226B005AA),49.95,49.95,0.0,NO CHANGE,,,
MY000350,Compatible Canon PG-545XL / CL-546XL High Capacity Black & Tri-Colour Ink Cartridge Multipack (8286B001 / 8288B001),49.95,49.95,0.0,NO CHANGE,,,
MY000352,Compatible Canon PG-560XL / CL-561XL High Capacity Black & Tri-Colour Ink Cartridge Multipack (3712C001 / 3730C001),58.95,58.95,0.0,NO CHANGE,,,
MY000354,Compatible Canon PG-575XL / CL-576XL High Capacity Black & Tri-Colour Ink Cartridge Multipack (5437C001 / 5441C001),59.95,59.95,0.0,NO CHANGE,,,
MY000560,Compatible HP 302XL High Capacity Black & Tri-Colour Ink Cartridge Multipack (F6U68AE / F6U67AE),35.95,35.95,0.0,NO CHANGE,,,
MY000563,Compatible HP 303XL High Capacity Black & Tri-Colour Ink Cartridge Multipack (T6N04AE / T6N03AE),55.95,55.95,0.0,NO CHANGE,,,
MY000571,Compatible HP 304XL High Capacity Black & Tri-Colour Ink Cartridge Multipack (N9K08AE / N9K07AE),34.95,34.95,0.0,NO CHANGE,,,
MY000580,Compatible HP 305XL High Capacity Black & Tri-Colour Ink Cartridge Multipack (3YM62AE / 3YM63AE),43.95,43.95,0.0,NO CHANGE,,,
MY000654,Compatible HP 62XL High Capacity Black & Tri-Colour Ink Cartridge Multipack (C2P05AE / C2P07AE),56.95,56.95,0.0,NO CHANGE,,,
